eps_bg,d,temperature
14.452408373744767,0.0001578,4.0
14.330322347782804,0.0001578,30.0
14.317321446643827,0.0001578,100.0
15.22719233055895,0.0001578,300.0
