eps_bg,d,temperature
14.439653510604671,0.0001578,4.0
14.334556572831685,0.0001578,30.0
14.317583164516874,0.0001578,100.0
15.227176829425467,0.0001578,300.0
