eps_bg,d,temperature
14.460273267182542,0.0001578,4.0
14.335852863217664,0.0001578,30.0
14.31926836867257,0.0001578,100.0
15.227930997931773,0.0001578,300.0
