eps_bg,d,temperature
14.42633556599942,0.0001578,4.0
14.313114062702223,0.0001578,30.0
14.312151090602336,0.0001578,100.0
15.224827221120632,0.0001578,300.0
