eps_bg,d,temperature
14.371940751784503,0.0001578,4.0
14.291416195085546,0.0001578,30.0
14.303299412129132,0.0001578,100.0
15.221465789952644,0.0001578,300.0
