eps_bg,d,temperature
14.362034724478903,0.0001578,4.0
14.291287051989036,0.0001578,30.0
14.302856953360301,0.0001578,100.0
15.221613960394032,0.0001578,300.0
