eps_bg,d,temperature
14.460273264246757,0.0001578,4.0
14.335852862987998,0.0001578,30.0
14.319268364274654,0.0001578,100.0
15.227931001390344,0.0001578,300.0
