eps_bg,d,temperature
14.439653511336518,0.0001578,4.0
14.334556563794605,0.0001578,30.0
14.317583157786228,0.0001578,100.0
15.227176824139095,0.0001578,300.0
