eps_bg,d,temperature
14.585890930278119,0.0001578,4.0
14.421079427232852,0.0001578,30.0
14.347368235259745,0.0001578,100.0
15.238454065375906,0.0001578,300.0
