eps_bg,d,temperature
14.63796805866539,0.0001578,4.0
14.543241746108404,0.0001578,30.0
14.398880965993559,0.0001578,100.0
15.237026452904255,0.0001578,300.0
