eps_bg,d,temperature
14.447083876149675,0.0001578,4.0
14.339253786250477,0.0001578,30.0
14.319221373332216,0.0001578,100.0
15.227799549845392,0.0001578,300.0
