eps_bg,d,temperature
14.463663860746038,0.0001578,4.0
14.338499228799416,0.0001578,30.0
14.32027917010108,0.0001578,100.0
15.228321544949976,0.0001578,300.0
