Data_Point,H_form_pareto_k,B_form_pareto_k
0,-0.19600296114196555,-0.26299794842177365
1,-0.20556285928160437,-0.2625837928896579
2,-0.15126200251660937,-0.25948334595323375
3,0.018614919801009915,-0.04264521977932359
4,-0.01999197376071598,0.0549311037155471
5,-0.0025769764232599995,0.14089289590802875
6,0.2157155257704841,0.17995946407899582
7,0.4245591444305352,0.1638498726016184
8,0.49304089594191963,0.09555314787597712
9,0.40319462169882825,0.006278717901135496
10,0.19319951905257657,-0.08084008567703306
11,-0.16859493590999283,-0.20813960788838076
12,-0.20825669342203892,-0.25894240687602105
13,-0.09269332444555262,-0.2267580370033943
14,0.4072562180488055,-0.3507671503378
15,0.09784951290375558,-0.24349272644866307
16,0.11869511452747677,-0.31621296888732725
17,0.07315438630326113,-0.3243900506301715
18,-0.004388324195499309,-0.3236661244394785
19,-0.05545796894803557,-0.2822188402416266
20,-0.062197479534691895,-0.16617649560561248
21,0.2457851101948217,-0.17328735960072972
22,-0.3775429072134711,-0.16650289767644802
23,4.022518588033736,-0.13394170381239914
24,4.534066031133998,-0.13431754926579148
25,4.203420178994446,-0.12654678420734217
26,-0.31956308093228974,-0.13200479840660215
27,0.43400695234897874,-0.15984199055455314
28,0.44462137124593115,-0.15695312034693298
29,0.6473637757259524,-0.12555564196457217
30,0.7492449021072608,-0.08875805253549975
31,0.8118636421041108,-0.1508686648923421
32,0.7661951296948645,-0.15097547069133738
33,-0.21551637244885025,-0.15287191523559956
34,-0.22722987231937886,-0.16956917001942187
35,4.9536228704350815,-0.19469813219019594
36,-0.42500643562388973,-0.2258023017280355
37,-0.2426605980740322,-0.24758420089653063
38,0.007571811010233786,-0.25558612375340845
39,0.027887126192582854,-0.2656641916945303
40,0.04063961856554409,-0.2694554974573429
41,0.04546418068502995,-0.2743397713901819
42,0.034347468263573516,-0.2743249153471444
43,0.016876916661107032,-0.2707605775286008
44,-0.0036342048799635463,-0.26797186532010214
45,-0.013929565321112135,-0.2655647438958552
46,-0.02213610768166916,-0.25866982647644043
47,-0.026968308542721954,-0.2556495272818182
48,-0.029505618401649232,-0.2549505968148802
49,-0.032268971139958816,-0.2537103108165625
50,-0.032673884208259125,-0.2535735678183053
51,-0.03397117855205014,-0.25392081162003904
52,-0.034707585971397975,-0.25519686421535415
53,-0.034468607262580636,-0.2555921612529376
54,-0.034184993362289876,-0.2554253150367822
55,-0.03448419065449207,-0.25592760750061894
56,-0.034450310077085294,-0.25617463408332364
57,-0.035398316032877894,-0.2560093469616113
58,-0.03502895913612246,-0.2556071410975857
59,-0.03592585982457924,-0.25523430584386253
60,-0.0355350554179933,-0.25531828872169365
61,-0.03499149890419563,-0.2557655349879405
62,-0.0346646564077359,-0.25583319266210736
63,-0.03430737247115343,-0.2561710179652342
64,-0.03413947040546029,-0.2568957415986533
65,-0.033289232398549494,-0.25756180713459936
66,-0.033031778186807546,-0.25890051060289615
67,-0.031697978561598276,-0.2611082810531124
68,-0.02885508918274308,-0.26315658520639557
69,-0.026122958523370328,-0.26571049050306766
70,-0.04493521420412098,-0.26798623844528524
71,-0.08160047262683243,-0.26417563532199134
72,-0.10132241957740597,-0.25296741067400874
73,-0.1017099975953691,-0.24341849921377742
74,0.024680189126456992,-0.21646795549774572
75,-0.15278991234751965,-0.2439987522455539
76,-0.1877840995277784,-0.27607652081207723
77,-0.200202123969507,-0.2864935396335148
78,-0.19063449095539955,-0.29194924324492383
79,-0.17225876331592216,-0.28428217857737564
80,-0.10697042266991916,-0.2413896371901852
81,-0.07433099757368658,-0.2266652997068591
82,-0.06346613435088837,-0.2282454211656624
83,-0.05699950253948928,-0.22222406124746522
84,-0.05416904416235048,-0.20418539556388843
85,-0.05961193198649296,-0.23832664508166648
86,-0.003899438033050204,-0.27599658353064316
87,-0.018455878139791188,-0.26845212035783916
88,-0.02842626883448444,-0.26344896649640237
89,-0.03330457416007917,-0.2559018271104536
90,-0.03492164424470157,-0.2529588182185688
91,-0.03721234436249935,-0.24893505310497238
92,-0.03655699785446906,-0.2471151815942034
93,-0.03676772984011472,-0.24741668862019267
94,-0.03504599704200645,-0.24710592949455354
95,-0.03423638985853786,-0.24780869949641796
96,-0.03371687802909634,-0.2485198638535178
97,-0.03292615221796109,-0.24910279096849808
98,-0.03285980250498692,-0.24933522456956828
99,-0.03276846918015779,-0.24939496088757068
100,-0.03281807226595721,-0.24885107204406656
101,-0.03270663674565469,-0.24795021958304136
102,-0.03304324483138594,-0.24654991795728237
103,-0.033105597587521844,-0.24586291880867864
104,-0.03368086050903578,-0.24609743530817763
105,-0.03325800589908629,-0.24597380089126164
106,-0.03420645448975255,-0.2478162076602336
107,-0.03411933121968501,-0.24981932086918046
108,-0.033692091266624195,-0.2521771852068247
109,-0.033429758978356254,-0.25387533580586513
110,-0.033564369377648604,-0.25452738602634273
111,-0.03351025142820162,-0.2550229104057341
112,-0.03363302448884281,-0.25667546289329246
113,-0.035906966182558155,-0.2578096672896765
114,-0.03647387321993676,-0.25891333404471667
115,-0.03671589327139499,-0.25903296916878565
116,-0.03830556598952362,-0.259163224973331
117,-0.0383601430335276,-0.25895862399009467
118,-0.037380547155435914,-0.25847363459740674
119,-0.03814631201907978,-0.25699999826876574
120,-0.03851060331763356,-0.2548230929184278
121,-0.040863628431693694,-0.2528319906640591
122,-0.576870270524441,-0.2118508886660784
123,-0.6062071063956803,-0.18420044274938643
124,-0.612393801733375,-0.17331966376992672
125,-0.5648296800380816,-0.17994268178416037
126,-0.5115069701251631,-0.1468892191825476
127,-0.5898485449191067,-0.17407398258616233
128,-0.7200410309800421,-0.2392536980337153
129,-0.7608446943803038,-0.2751581476252995
130,-0.6795065068038881,-0.4400482596515144
131,-0.5513629203290707,-0.47923304341427403
132,-0.580442567002896,-0.4102557680027895
133,-0.17427008141262934,-0.23729312090810845
134,-0.17884776194365157,-0.05646927328512104
135,-0.17514351709643328,-0.2778227279226115
136,-0.1729851120997369,-0.28611693791214493
137,-0.030662647273441694,-0.23562508285143346
138,-0.03160661098467395,-0.23394481675987858
139,-0.029942770442772854,-0.23146252633099115
140,-0.028337474872430518,-0.2278258543899506
141,-0.02608016520687803,-0.22539166720083487
142,-0.022167001648829582,-0.2210014579866878
143,-0.021539994027953938,-0.21710337236335614
144,-0.021606949477882994,-0.2147636399779428
145,-0.020545550966167572,-0.2148109354666316
146,-0.021213105175576733,-0.21325805312278306
147,-0.01972926346887881,-0.21570020988824645
148,-0.022648192657493856,-0.2175981265960757
149,-0.024673157444886098,-0.22036413321972928
150,-0.024445394193016553,-0.22257259952555067
151,-0.025382996045591386,-0.22382757921047897
152,-0.026488972046743803,-0.22630336761641717
153,-0.02486120370770172,-0.22803941642811446
154,-0.024460815837346522,-0.22780207301503952
155,-0.022508418358674114,-0.23053566667097652
156,-0.02035711448543494,-0.23151938606086944
157,-0.01783897198208845,-0.23112658846217995
158,-0.01630123325288358,-0.23220563780088718
159,-0.014946342656270772,-0.23322760475107773
160,-0.01431947100384914,-0.23611369980241206
161,-0.014680018382684307,-0.24131432813991632
162,-0.014931806940671435,-0.24814894624871853
163,-0.014380342425212427,-0.25323595103040203
164,-0.012640637759978857,-0.2576230811765292
165,-0.011152381949441492,-0.25987944997046897
166,-0.007785407740103801,-0.2619926580317518
167,-0.007179495585367491,-0.2640836998425421
168,0.0008883512360614483,-0.26706704110560103
169,0.002389663013196069,-0.2682241954540368
170,0.008852478221450905,-0.2699270149479221
171,0.008894973184413712,-0.2708279207159678
172,0.009539304589511848,-0.27053678885540805
173,0.010948376591912367,-0.2679966464475411
174,-0.210876536896786,-0.28039738312493845
175,-0.22301895669304184,-0.3074585520648129
176,-0.23992264533748356,-0.3065655732480428
177,-0.05969287927083394,-0.19547080525423988
178,-0.06070340095824379,-0.11623752967147294
179,-0.010587178586330145,-0.02508660135154441
180,-0.1791651354651167,0.04812744324496758
181,-0.23823339289665815,0.07894355081402511
182,0.05885568263703968,0.05707570518725017
183,0.22334243240314855,-0.0021801729455712426
184,0.2733773042170777,-0.07731880375375277
185,0.1237450656869512,-0.09399972119270843
186,-0.18281499792473885,-0.2239360867694242
187,-0.2130615917070669,-0.23027855233348654
188,-0.2051784481255842,-0.2471914424007252
189,-0.579285713055728,-0.28446168521169457
190,0.23931463198201627,-0.3113518299875763
191,0.12077834256522602,-0.2996171686692364
192,-0.23042576323198438,-0.2872704186935386
193,-0.20607883279750286,-0.2904772933826451
194,-0.21331077037421706,-0.2960810572823891
195,-0.20247295567064003,-0.26174926861515446
196,-0.20703696461781249,-0.44150716893340264
197,-0.19457906513944342,-0.5692855865209165
198,-0.1804064996247676,-0.46849773927632343
199,-0.24193818366623393,-0.4095631987712524
200,-0.2269316551800645,-0.35621999229608026
201,-0.3442610155657887,-0.2118266494940842
202,-0.3268222953937744,-0.1225463573512582
203,-0.21691438934509555,-0.09907090713283337
204,3.7116422657235253,-0.1023584453787108
205,4.269074043488565,-0.09002840897375511
206,4.518007594201413,-0.11037754247928351
207,3.7103445564069957,-0.10660290530020708
208,-0.29376913142301764,-0.11926320469126547
209,-0.39357255176450906,-0.14754999307170946
210,-0.3479805386276743,-0.17400577140846002
211,-0.03119110869886326,-0.2604683711594205
212,-0.03384619793899669,-0.2584702969374518
213,-0.02420018803644197,-0.25084031538929236
214,-0.016679541094656147,-0.24465342423837586
215,-0.018342004566259198,-0.24405732980775574
216,-0.02097094334892004,-0.2452984892510397
217,-0.02172058777486883,-0.2460725537958083
218,-0.021776927552468416,-0.2503801571515921
219,-0.023337118479627,-0.25443883995063754
220,-0.02519738406768604,-0.25922284722627326
221,-0.024804819450300768,-0.26336876274465465
222,-0.025725417775754048,-0.2672659284268828
223,-0.02731014158606262,-0.2690128543190138
224,-0.027215174779250492,-0.27024618621151925
225,-0.026045645247006748,-0.26925185784378525
226,-0.025440697472743263,-0.26797738811162986
227,-0.02455327795769132,-0.2673128839922978
228,-0.02426119510765934,-0.2661166146269104
229,-0.024105093719760624,-0.2655586853018026
230,-0.024330326515406845,-0.2662109946765407
231,-0.025700746977347564,-0.26534506735096264
232,-0.026826924582676735,-0.2644160079810684
233,-0.02695248089989825,-0.2633084576495933
234,-0.025481654135926856,-0.2613066582723065
235,-0.023955394877982122,-0.25991874534676435
236,-0.023731143729115032,-0.2580348853417192
237,-0.02097613837026609,-0.2554779334923397
238,-0.02362724262072998,-0.2541967247655903
239,-0.022809252662563794,-0.25338823193967264
240,-0.022110476811906032,-0.2522224196068753
241,-0.02387509053235022,-0.2540649331993642
242,-0.03180580360642161,-0.25491890151123264
243,-0.035025943668290024,-0.2566464904970465
244,-0.3007181755405455,-0.2661008915203837
245,-0.41754884187130337,-0.26611386681246013
246,-0.4183208754032747,-0.26693805744157895
247,-0.3663931468226604,-0.24461753843974324
248,-0.2924729839714347,-0.22754159912678512
249,3.8891710921999416,-0.21579933717410846
250,4.047772678967924,-0.2117886984759914
251,4.260056877012702,-0.22066563368195719
252,-0.42963175747678334,-0.23920400130231215
253,0.05805503129321316,-0.23462626616499455
254,-0.01879445229889634,-0.2229072807762359
255,-0.18950248171527617,-0.2090622715414301
256,-0.23906774997009067,-0.14858714669188317
257,-0.20365046864868677,-0.19342199314640537
258,-0.5566882076421752,-0.18283320434433667
259,-0.020860733963342495,-0.2687127109456765
260,-0.024893302039068754,-0.2692535335689263
261,-0.030659628822603913,-0.2725361664432826
262,-0.030077322699532907,-0.27552999959339863
263,-0.031191629034966452,-0.2773622921597611
264,-0.03331439894699799,-0.28081983810499067
265,-0.03316485984531755,-0.28145036507443416
266,-0.03296820361035676,-0.2837261411429013
267,-0.033320096844565134,-0.283722011200614
268,-0.03365908809355998,-0.28362800670406174
269,-0.033037034621014406,-0.28253720915635133
270,-0.032071923534206744,-0.28208112299539073
271,-0.03116119964112066,-0.28131699364856055
272,-0.030762429312583373,-0.28068584693781545
273,-0.030420517700570006,-0.28044975605016675
274,-0.03112125082963644,-0.2815051734078842
275,-0.03196263932116396,-0.2820540900009036
276,-0.03145986472200833,-0.2829116094178704
277,-0.03264920631157502,-0.2833219577935854
278,-0.032768229317859075,-0.2832956139016898
279,-0.03331448638659064,-0.2829658735222399
280,-0.032888328693538124,-0.282624482330049
281,-0.03303847066717732,-0.28060225906804154
282,-0.03348223939294552,-0.2782484970190535
283,-0.03303016729137597,-0.277915169907436
284,-0.03255147362756014,-0.2759769054086034
285,-0.029562303404573963,-0.2743038153312611
286,-0.02668941216259785,-0.27138709955813367
287,-0.023229754777265965,-0.26863352969994986
288,-0.023105628427941304,-0.26436833735290677
289,-0.021710856907518374,-0.26191813920454043
290,-0.019486138591024257,-0.25762230073422965
291,-0.014851158538997475,-0.2563010052116851
292,-0.01874470994670254,-0.25340367583545687
293,-0.0174673474950944,-0.2532914938824911
294,-0.019481671914683002,-0.2522992051156588
295,-0.019362011676884245,-0.2510245081830963
296,-0.20694627075586539,-0.2855163143092883
297,-0.21534781380536983,-0.27194411880695296
298,-0.22102387953936264,-0.27247784333443187
299,-0.22511222196154748,-0.27032063474254586
300,-0.1978206602807482,-0.22282262408103223
301,-0.1881231047872822,-0.20341614565279295
302,-0.7785442712292683,-0.1821811473629094
303,-1.1068989451424778,-0.11880577913353599
304,-0.754272383954703,-0.23067475084902905
305,-0.5940963605703202,-0.23516878890797466
306,-0.6535744660608458,-0.24635032046852753
307,-0.17208570559180084,-0.25870861311445986
308,-0.1999184196634444,-0.25986959343884375
309,-0.20463374901861456,-0.2582299050878611
310,-0.2104330764304004,-0.2583210465523589
311,-0.032628523322917456,-0.2815942282498073
312,-0.03388401252723537,-0.2817998655984923
313,-0.03003848721018664,-0.28185435062792874
314,-0.03321737495645471,-0.2830986517377884
315,-0.03511666305639513,-0.2828098352339129
316,-0.03556842941800418,-0.280906368057902
317,-0.03784152483015522,-0.28057932018270704
318,-0.03907289887116385,-0.2799721173538611
319,-0.037807277645333336,-0.28074632889581563
320,-0.035450028192539756,-0.2813208510502921
321,-0.03456776905235475,-0.2839098979193481
322,-0.033156678813829235,-0.2872423319862085
323,-0.03361324370092832,-0.2886217900977206
324,-0.034176798733100776,-0.2895589176560298
325,-0.03061751356523104,-0.2906268666176956
326,-0.030913512508377358,-0.2905591873741538
327,-0.033014680078705026,-0.29087980600750574
328,-0.03454961091764385,-0.2907418081281601
329,-0.03702702355832954,-0.2903806455220031
330,-0.03423923627644395,-0.2903592729249055
331,-0.03549199435387177,-0.2914109981393131
332,-0.03468051627353408,-0.2903169322790671
333,-0.03415842034406944,-0.29019354202024555
334,-0.033727952011167,-0.28709056134033484
335,-0.02906760092551433,-0.2845181380355499
336,-0.03356012823967201,-0.2793840526907078
337,-0.03450703122555612,-0.2746728612698009
338,-0.0358235312044642,-0.270574966841526
339,-0.03508718207319696,-0.2690193144554013
340,-0.033970512629971215,-0.26622175017936067
341,-0.031324225564261066,-0.264337644313503
342,-0.03260121175424951,-0.26389193863030647
343,-0.036150308082020126,-0.2643800340403129
344,-0.035199906362001585,-0.26381671755917374
345,-0.03328348171911429,-0.2630563933705631
346,-0.029995582104907683,-0.26034859931163234
347,-0.028156993316451495,-0.25910991401032507
348,-0.2809625245673581,-0.23002215847891608
349,-0.2858031404495602,-0.215039556590249
350,-0.2936959693656143,-0.22134415892533085
351,-0.2965001279703667,-0.2741650857764088
352,-0.07383537856234165,-0.08611947431739343
353,-0.008673602211084227,-0.17965478123800932
354,-0.06571469702576109,-0.1252310199384571
355,-0.061956135151455885,-0.07399819568110015
356,-0.050173914630076144,-0.049986063223114274
357,-0.15734625129125138,-0.07027003712108015
358,0.06715934577519647,-0.11395388917839096
359,0.2174524772229267,-0.08539434616796475
360,0.1421633997118192,-0.10929348896173441
361,-0.05789144694541868,-0.14633440110860602
362,-0.26484731331705436,-0.24164821021294938
363,0.05350781593744649,-0.2538226351873806
364,0.24018380401691486,-0.28386845998320576
365,0.090263273471441,-0.23961678254289187
366,-0.1262255724477329,-0.24045805295940653
367,0.049963767385169104,-0.3051872860311014
368,0.8247104005180863,-0.329861393057349
369,0.49168685049905686,-0.24274682402750747
370,-0.23941749145787372,-0.3344543227279715
371,-0.13401318853759156,-0.23685191840698527
372,-0.13362023148877397,-0.21031969978518109
373,-0.12681779784281044,-0.19496898547677013
374,-0.11062676229095686,-0.20097969173526647
375,-0.06390185703386023,-0.1525147533103657
376,-0.10751788321234139,-0.1468602371364925
377,-0.010119617291879584,-0.1521131561880189
378,0.016529202642969015,-0.16187499944403483
379,-0.10439080117043843,-0.1812100253095084
380,-0.20128892577920185,-0.2142197110178416
381,-0.28059688616108525,-0.09488629230180634
382,-0.30753893876526306,-0.18850918663639693
383,-0.2379687530338196,-0.20229712790320087
384,-0.1078942705959899,-0.14827601044492086
385,-0.032328511335554665,-0.24861209837530407
386,-0.03755356533214524,-0.24592911560717381
387,-0.03854349343662841,-0.23935573576190716
388,-0.061827193288561635,-0.23759805949448937
389,-0.06611550920870231,-0.236872655880636
390,-0.056401112768596856,-0.2393024500510645
391,-0.03923700165817684,-0.2423289503565791
392,-0.03637967849956716,-0.24797416503876546
393,-0.04130090262131894,-0.2510180552999552
394,-0.03646937515358549,-0.2531826588915192
395,-0.04181090830610343,-0.25330997832069607
396,-0.03812176669891396,-0.2538730237674291
397,-0.03891574429006501,-0.2544654245446358
398,-0.03786095308494753,-0.2547809356188156
399,-0.03835776730829289,-0.2542123596730193
400,-0.042076150604734554,-0.25434911273826943
401,-0.04060730121356468,-0.25379453221462356
402,-0.041723604399977625,-0.25326230707807146
403,-0.042413678833914906,-0.2534639816305579
404,-0.041290841737016325,-0.25396289406503414
405,-0.0398613562469284,-0.25367028001619835
406,-0.040157822360018164,-0.2534926256071583
407,-0.040056847973102425,-0.25352941597941436
408,-0.03882838833295033,-0.2535382417968624
409,-0.04056953921399218,-0.25348751851673335
410,-0.03778926630601615,-0.2534464462694098
411,-0.03742786213461517,-0.25261641935184614
412,-0.039448535543315955,-0.25255480092499305
413,-0.036920277663661134,-0.2517686380951286
414,-0.03463511127423399,-0.24620011023139352
415,-0.03300321558816718,-0.242988709885593
416,-0.030810739375124463,-0.23709906804023317
417,4.132173525610134,-0.17066848371659832
418,4.841641874822326,-0.13983109840318728
419,5.318901168135348,-0.10559821430397083
420,6.203578870111816,-0.07595254609759507
421,6.447252754116365,-0.05978399554858479
422,6.2995063934556015,-0.054826456950878816
423,4.799369773289583,-0.07123339096477149
424,-0.3143256629093848,-0.0954920984236656
425,-0.3121990594505193,-0.07769937693949579
426,-0.23677202188317095,-0.3194204138304528
427,-0.27857188226934815,-0.3423071963462199
428,-0.24821065532310582,-0.36883858048096624
429,-0.24609926650469224,-0.16693600490960178
430,-0.2288360815424594,-0.26763957690853374
431,-0.22603260427128938,-0.26265787627696574
432,-0.07088384148506041,-0.24899854824952591
433,-0.06060670575842523,-0.24835567628030494
434,-0.0415103243319766,-0.24972144526006024
435,-0.03690948082193174,-0.2525669090415298
436,-0.03705018101001172,-0.25572661299800237
437,-0.041380788510605025,-0.25895508235612924
438,-0.03310764892407386,-0.265927012586583
439,-0.02884323591713441,-0.2705046264320632
440,-0.032251873401561465,-0.2735180823624366
441,-0.03552834093172728,-0.27653070875132496
442,-0.037708036566298356,-0.27686051325338135
443,-0.03885450692374217,-0.27662638225618125
444,-0.03557225368226152,-0.2765161827763262
445,-0.033822676854238794,-0.2750698894397037
446,-0.03313351733286617,-0.27267008930705344
447,-0.031794890185921125,-0.27106832463167163
448,-0.03607637080248715,-0.27011803954816427
449,-0.03475006166502658,-0.26870106062037036
450,-0.03014436469839837,-0.26830763043781397
451,-0.030280620749735445,-0.26770832511784526
452,-0.03084935928672964,-0.2674511926009443
453,-0.03158644253404225,-0.2673370885461885
454,-0.03199890394975245,-0.26700500056380627
455,-0.030717384422224717,-0.26689498869717154
456,-0.03248187106121263,-0.2661695628388718
457,-0.033260431738351116,-0.26498151178399865
458,-0.0357787197234575,-0.26269580637461337
459,-0.036647831901741916,-0.26005917533868433
460,-0.03396895675523473,-0.2564709891362489
461,-0.03100264076541654,-0.2560328336475093
462,-0.02600862424933917,-0.25456590291301723
463,-0.02555733812180684,-0.25422763319008007
464,-0.022603610048547808,-0.25429626952184214
465,-0.024303271041241165,-0.2550852754324054
466,-0.02378193213669682,-0.2576141744601168
467,-0.018408018810690926,-0.2590442249667209
468,-0.014079745035552805,-0.2609375211381515
469,-0.20601859513064122,-0.3314617190431668
470,-0.2064331587990783,-0.17806089894525665
471,-0.20847764240167949,-0.25121272419918783
472,-0.19995042753423473,-0.24331498373503221
473,-0.19821432021168328,-0.23464459928284337
474,-0.3052798782597126,-0.2332238602789737
475,-0.471689932034817,-0.2150965814559233
476,4.909482855157166,-0.19551459752066855
477,5.968991610454534,-0.1817077422008421
478,6.272448310523975,-0.18817055127727866
479,6.269855943327068,-0.19108788348632974
480,6.237763312573269,-0.20588039752791912
481,5.820616808445794,-0.22426327805611596
482,4.3674272828839,-0.14250638348022318
483,-0.025488246486282014,-0.26859362662371306
484,-0.028381002540157102,-0.27104989204323127
485,-0.029217925912337087,-0.27350490101923713
486,-0.040051206128753236,-0.27801609735504157
487,-0.05334076037395378,-0.2856940081488599
488,-0.07176453619209607,-0.295225339973914
489,-0.08978222877862561,-0.30441933830710066
490,-0.10915787465526594,-0.31158490413905116
491,-0.12372849743871779,-0.32080095376463125
492,-0.13226701230606566,-0.32815613551972866
493,-0.14020463971022393,-0.3322437546429899
494,-0.1421141720834508,-0.3341907203430905
495,-0.14212792136708308,-0.3321011932613644
496,-0.13769376577905992,-0.3282627296798709
497,-0.1325335901558999,-0.3236175283966359
498,-0.12675941890305203,-0.31740315294996374
499,-0.12506910605749355,-0.31290901041698527
500,-0.12212323620315968,-0.31087266250558565
501,-0.1202821447488694,-0.30943152965441434
502,-0.12158635299399805,-0.3087954509914541
503,-0.12381722930633779,-0.3084148931432802
504,-0.1259213296818037,-0.3082738250841482
505,-0.12713680361089355,-0.30752435534176975
506,-0.12483031750751189,-0.3048025994393468
507,-0.11843302945241511,-0.29985286202651773
508,-0.10847737090764333,-0.2932304092450119
509,-0.09668257796057397,-0.28713465097782326
510,-0.07957574739994015,-0.27988110414030715
511,-0.06273684122985049,-0.27269903323272515
512,-0.047068093548453704,-0.26828498243427934
513,-0.03943941821216935,-0.2662571360228552
514,-0.036963927402020674,-0.26317804386832305
515,-0.030010105820247022,-0.26248174024013654
516,-0.032615416170698276,-0.261376181345247
517,-0.03542899740026449,-0.26119759067644077
518,-0.03767109238885393,-0.2606353409280965
519,-0.03936694024720189,-0.25947562875257935
520,-0.03631758915750929,-0.25952155416538797
521,-0.0354115123806339,-0.25910991401032507
522,-0.25596274350953335,-0.19651767119776342
523,-0.2606880172927941,-0.19738247377209933
524,-0.26301938155283666,-0.1992985311001483
525,-0.26374433141638887,-0.211836920590369
526,-0.25228075136724154,-0.23121492022692083
527,-0.23292639398925488,-0.2784293363539613
528,-0.12006743871335313,-0.1088219536684462
529,-0.1323518788924037,-0.228178419638603
530,-0.15243036777647107,-0.16393750272979601
531,-0.11425917544085477,-0.0872462593709615
532,0.05738598664535234,-0.037883728549444225
533,0.2128084959719088,-0.06299509180256506
534,0.3304891864179079,0.024709937581347784
535,0.22637502800035578,-0.00655960322285224
536,0.43063770673171486,-0.06254113375646077
537,0.5114960649184093,-0.19539097612248463
538,-0.10184515407752713,-0.24195834888079817
539,0.05899223873374675,-0.2907351434106615
540,-0.08349702432708817,-0.050284015169272674
541,0.0386513056292043,-0.288443115122104
542,0.7373461627708452,-0.333101429589325
543,0.050744958635759105,-0.2503009510676418
544,-0.21696102449416652,-0.33285948158625633
545,-0.030124592889070784,-0.2473121718083112
546,-0.14592407370343968,-0.21533907849971948
547,-0.17011542793297657,-0.19588771446047046
548,-0.04589353240599047,-0.16005551178021934
549,-0.04183439212596032,-0.17247099206799357
550,-0.17467685630484495,-0.18978267712184416
551,-0.13314201721919577,-0.17104504681288865
552,-0.14962418847717301,-0.16719172060789866
553,-0.3594221364380283,-0.09821318000036552
554,-0.4123310946194643,-0.14027433163067163
555,-0.44353937078389205,-0.1291428312698359
556,-0.16153447495283085,-0.07292232097594145
557,-0.041395882120639195,-0.2679520809494271
558,-0.06653758420185603,-0.26752350947818715
559,-0.09643585653916356,-0.26605260162199673
560,-0.10004731026519136,-0.2641897731596844
561,-0.09625068159452708,-0.2619177392655405
562,-0.08358397503063712,-0.25947484008362937
563,-0.06016016017424403,-0.2605076696894672
564,-0.04246361843763635,-0.25831918563558837
565,-0.028736406466962378,-0.25787285421149203
566,-0.02114231151679794,-0.2568794126188097
567,-0.016975884094588566,-0.2568058890659508
568,-0.014571543877696862,-0.25753356827876245
569,-0.012805466898755575,-0.25777459808188763
570,-0.012528323489196322,-0.25787180900106904
571,-0.014344285225735096,-0.2574595172243432
572,-0.016585149387927867,-0.2574880154706864
573,-0.01584888303930133,-0.25767576783430246
574,-0.014647897163109097,-0.25762081595511194
575,-0.010863394371430163,-0.25745152126538473
576,-0.006556997644791896,-0.2574725565945743
577,-0.011674709009638145,-0.25630349988478507
578,-0.008583065992209008,-0.25757069177745084
579,-0.00950386624310986,-0.25770370349442484
580,-0.01047916407981822,-0.2584093251719154
581,-0.014137819504409264,-0.2586788175495242
582,-0.020327838929506088,-0.25933512277587284
583,-0.021177041919309057,-0.26041347581277025
584,-0.02271998454444724,-0.2623320100864535
585,-0.026970228327371712,-0.2633615068297075
586,-0.03182262379448966,-0.2644617466042604
587,-0.032729994467608145,-0.26489311905029433
588,-0.03383602637984573,-0.26328684618890263
589,-0.034794975777977376,-0.2603226323555834
590,-0.3672831869857013,-0.20104412721619355
591,-0.3214944863909417,-0.1875031574403062
592,-0.335649269450952,-0.16935990388007258
593,-0.3571921822437694,-0.1479733537269197
594,0.0191369171718184,-0.14376961437696387
595,-0.19371670709027963,-0.14001807085137996
596,-0.1881939577723013,-0.3574570540389471
597,-0.18776181950479814,-0.356000900439347
598,-0.19170585205490145,-0.27244284490870124
599,-0.210134643564989,-0.14078198548897947
600,-0.22445558387991127,-0.03771959385294359
601,-0.23175399482970044,-0.052453519958290055
602,-0.2346658430357875,-0.12354529185327526
603,-0.2212832982930924,-0.22921073934145356
604,-0.20567240833095468,-0.23957604433848254
605,-0.2047788477854994,-0.24832252921758685
606,-0.06356110482364723,-0.25466183708222373
607,-0.05061387332773533,-0.25377824161314866
608,-0.03357847339481995,-0.2533699961571297
609,-0.017986921594684877,-0.2535397403261944
610,-0.004127912873612833,-0.25414383009201336
611,0.01360903256808415,-0.2564913094842893
612,0.02848149781868801,-0.2598033931836734
613,0.03322829567612115,-0.2629580434187205
614,0.041449182498856145,-0.26506408750346727
615,0.04473321385854978,-0.26575096016983774
616,0.04842500873891411,-0.26622366407740483
617,0.04927982724894807,-0.266041311074252
618,0.048680681688258884,-0.26577244777923353
619,0.04839820793400094,-0.2655684856105163
620,0.04701297639986984,-0.26538298002017
621,0.04737124685203162,-0.2650746813736832
622,0.04633313736869663,-0.2649493465715882
623,0.04553196199928393,-0.2649383523550925
624,0.04441675096537592,-0.26445193496398356
625,0.043248962509152736,-0.2638377963163765
626,0.03948814272825677,-0.26368019824919026
627,0.0322868819542369,-0.2632969676699447
628,0.02776871198345553,-0.261102209022671
629,0.0156874461598517,-0.25855458329295583
630,0.005631507142822491,-0.2570584329367528
631,-0.014249981755298912,-0.2555228810117677
632,-0.020468564430024046,-0.25580006732947963
633,-0.03140753950071064,-0.2566739944199815
634,-0.04105930285153495,-0.2579671510587642
635,-0.04672383139309588,-0.258110853692
636,-0.05297090991540817,-0.2588910303798774
637,-0.05623026026037329,-0.26164098268214325
638,-0.058220499513120354,-0.26421510695214245
639,-0.05808687499689927,-0.2663287552120812
640,-0.055605351899557176,-0.26892644334421273
641,-0.053594800670825476,-0.2731303502951672
642,-0.2238575455978902,-0.23814508899543935
643,-0.21504175293697053,-0.21626378910059957
644,-0.18903875411161228,-0.18043956694926894
645,-0.14631488950720545,-0.22077403135046655
646,-0.12852221201047362,-0.1896507597162774
647,-0.13580692689907026,-0.16101229524924457
648,-0.42055607549223345,-0.14618771646451986
649,4.576777020308014,-0.13445414649817533
650,6.1246773022766,-0.13605923646571177
651,6.541766926825928,-0.14867264636529884
652,6.380644529305159,-0.161209641245303
653,5.6277957026519765,-0.17585751520631387
654,5.062234472554424,-0.19352612650681328
655,-0.3565361205126204,-0.21069734435377216
656,-0.4883685407195271,-0.22169420360495576
657,0.23074729279989684,-0.32447951357401716
658,0.027954409316189543,-0.26665763088303496
659,0.03885215766813215,-0.2691580724192399
660,0.04370712894865965,-0.2708694189746341
661,0.04549246684796589,-0.2734748266028124
662,0.049683599004727956,-0.2749473580504827
663,0.05519547758293273,-0.27781609707471683
664,0.06692463877814941,-0.2829581623265716
665,0.07424777691784133,-0.28615903826385375
666,0.08242001349114196,-0.2893054239723929
667,0.08715467607499174,-0.2926071342762514
668,0.09465988370906636,-0.2956079650372378
669,0.09599819601007482,-0.29659060266424725
670,0.09845052483552558,-0.2961147325078197
671,0.09801997067004281,-0.29559383113818527
672,0.09649519745796707,-0.2940778256947801
673,0.09531886964048775,-0.2919371751456805
674,0.0891257996450366,-0.2894643271072749
675,0.08251535854924955,-0.28705345260040976
676,0.08271300299557872,-0.28529586668121476
677,0.07988197646027104,-0.2836728308925262
678,0.07319167210917904,-0.2809614737889905
679,0.06961571895193676,-0.2787592529135918
680,0.06598390577298135,-0.27695774643641197
681,0.06092638823500438,-0.2747089879969324
682,0.05234901632178826,-0.27154408789289003
683,0.049779879559386966,-0.2687326227346109
684,0.04325236580720641,-0.2668995839603225
685,0.037250453636587355,-0.26551158799477387
686,0.03424851924095383,-0.26405943885147
687,0.030379260053162042,-0.26336025398587654
688,0.025060985673223807,-0.262960473160914
689,0.018608501020040608,-0.2622736881465578
690,0.01251200526031387,-0.2615286044585907
691,-0.0013779176990156275,-0.2604570254439016
692,-0.02245357389778431,-0.26028831792329055
693,-0.028880756466001835,-0.25982244011224154
694,-0.0418165491661515,-0.25881301670524315
695,-0.0380770140750139,-0.25910991401032507
696,-0.22235406283889741,-0.22951729068827553
697,-0.22622809489306345,-0.22211237586860522
698,-0.22630403960437795,-0.21414767836965798
699,-0.22194358985109952,-0.20927260941293696
700,-0.2142959670068895,-0.20856065585775702
701,-0.2006983115315812,-0.21518266936801964
702,-0.20109117813847263,-0.2301316573805826
703,-0.10143346877236041,-0.09687310505318172
704,-0.0996508353785483,-0.11689685993841861
705,-0.09700222521574225,-0.26883803872581247
706,0.03533069445358673,-0.24147004756783513
707,-0.026671128484123095,-0.23700002692514174
708,0.1196661319957981,-0.26157926836146794
709,0.0869109447616603,-0.09393108886972192
710,0.46211802099581717,-0.09081060337210273
711,0.5951855712798894,-0.12490921896431255
712,-0.06820323829895036,-0.18127270166671894
713,0.12783108728714437,-0.012601691968837932
714,-0.08514484456789502,0.05337645693316813
715,-0.22408926548329655,-0.2741073316535371
716,0.7377107562165672,-0.30702297843071974
717,-0.025419343710056778,-0.25318658690439333
718,-0.21837970963371833,-0.3295616598155306
719,-0.01586504910005746,-0.25748708311384694
720,-0.12569482667035628,-0.2143254978181331
721,-0.13963264730568756,-0.19042501255253638
722,0.05797481913271522,-0.15059645461375734
723,-0.03709669344986901,-0.15368223993683439
724,-0.1500030485151964,-0.16825788509976758
725,-0.009352683764125513,-0.17980508283081825
726,-0.24333689553962912,-0.20591768084790915
727,-0.24414787527116258,-0.2280159451100638
728,-0.33287858706998935,-0.193119868398167
729,-0.45040950112650074,-0.1910381116067138
730,0.0025979335947542174,-0.2670408890797732
731,-0.04405000500487028,-0.27246283336885785
732,-0.07703163124736968,-0.2762509821118589
733,-0.09182982483844981,-0.2755968321882324
734,-0.09123505434934809,-0.2720149490760162
735,-0.08120266467548849,-0.26833032156061193
736,-0.06433713625061803,-0.2658487084920483
737,-0.04529700446511881,-0.26459076203985393
738,-0.025702275191062482,-0.2619657610117108
739,-0.0068516491705022265,-0.25991316064959813
740,-0.004918546395652751,-0.25913019065619575
741,0.0015350912074549453,-0.25836905974846835
742,0.0022229729932042746,-0.2579431853591332
743,0.0003629721351683357,-0.2582226443432816
744,-0.007616032829909748,-0.258720243386427
745,-0.005012944663353636,-0.25847816033681353
746,-0.0038790259515701095,-0.25901385813596883
747,-0.0060346533554272545,-0.25883273098472276
748,-0.012248963440897499,-0.2592318518917019
749,-0.003995504910324072,-0.2584510355621136
750,0.0012479727416758216,-0.25906465686671587
751,0.012074148354229049,-0.2576548619675646
752,0.016112296265207333,-0.2583502790255005
753,0.017575997926880128,-0.2584794279923154
754,0.011503093351357154,-0.2584892868041815
755,0.0046229777689256076,-0.25850639918777807
756,-0.010277904938433712,-0.2584279451509951
757,-0.018834898619528025,-0.260077130876197
758,-0.025068910554256064,-0.2615998997441761
759,-0.02971169990386168,-0.26308326265864174
760,-0.0350940307531216,-0.26353008520111715
761,-0.03941877411602795,-0.2626306182567481
762,-0.042479368628109734,-0.26235237980251724
763,-0.42740146353030006,-0.19431701055065861
764,-0.39428562704294906,-0.19712013437189163
765,-0.2813530914756284,-0.18459216197504172
766,-0.18877858929616367,-0.17061073848221622
767,-0.16161042088430452,-0.15971534925978093
768,-0.14287264816102568,-0.5896010458983452
769,-0.16007384273250927,-0.6077834692139816
770,-0.17992165261977588,-0.5994807293804609
771,-0.18401028777595965,-0.579821309321451
772,-0.17998113903882304,-0.580799796369562
773,-0.1845551642457423,-0.5405812171223636
774,-0.20530436174942884,-0.3995002311624503
775,-0.21716584766844696,-0.2970644620098845
776,-0.1966707705255642,-0.18289313881582145
777,-0.18858382762970125,-0.11672215161981069
778,-0.19339395529255954,-0.19597769426453943
779,-0.20416916191826975,-0.20399284274345017
780,-0.052028489966488345,-0.2586560328587843
781,-0.028381713835903658,-0.2571314663513343
782,-0.015216436969881137,-0.2567826430224244
783,0.010109744089380363,-0.25748714714618876
784,0.030142348295472535,-0.2594035588622976
785,0.04656416799234534,-0.26117299938228034
786,0.05093748554556618,-0.2619525049985046
787,0.0640689121223491,-0.2622523705682584
788,0.07055993435423914,-0.263114910632308
789,0.07356124914059373,-0.26335497188523005
790,0.07580548797209714,-0.2635614510594529
791,0.0749091035776572,-0.26315143876757563
792,0.07144906048599275,-0.26296550840073957
793,0.07079751489787232,-0.26239976721667563
794,0.06638255630399033,-0.2620858487521062
795,0.06100803607012095,-0.2619582387508634
796,0.059348539105232544,-0.2619742004968735
797,0.05850023414806944,-0.26176948525397375
798,0.05921061422121498,-0.2615434359397117
799,0.06407277299335015,-0.2615674173007965
800,0.06561174561704275,-0.2612708447825784
801,0.06599944892003237,-0.2607086785566811
802,0.06222859662351942,-0.26068668915563625
803,0.055038723774943246,-0.26035066297804255
804,0.04261408585711165,-0.25986609281369455
805,0.03441228671295423,-0.25986857407860486
806,0.014721479317248971,-0.259682335830718
807,-0.010321407233383966,-0.25799153364429306
808,-0.026848470231305214,-0.25935990476262005
809,-0.04504720037697812,-0.2610974679758163
810,-0.05980123482664982,-0.263773662651167
811,-0.06910553715111656,-0.2651509347035252
812,-0.07421347017031392,-0.269193998722479
813,-0.07614444053803608,-0.27381678866111464
814,-0.0734407831292787,-0.2772188906591856
815,-0.06630205863298548,-0.28248274222213826
816,-0.206996575520423,-0.38509257034275096
817,-0.19883290849256213,-0.3189295714256985
818,-0.1518233628887432,-0.13743529830760062
819,-0.1334499509104189,-0.20991726554567888
820,-0.13301260651180827,-0.191714374065922
821,-0.41918405645061957,-0.17570521217040683
822,4.215833023268599,-0.17219145473322192
823,5.480607813738202,-0.17165175224464488
824,6.216416627475218,-0.18162135184178654
825,6.020007714822627,-0.18486139377367017
826,5.053884208022598,-0.1914773848554029
827,4.3716533918280085,-0.20340870183933343
828,-0.5007917497352391,-0.21484390339070944
829,0.3050419177170897,-0.3365739849964633
830,0.2880832420249194,-0.2836828026889072
831,0.04649933610279476,-0.26822358794639456
832,0.05981731254095789,-0.26919400509498875
833,0.07555436460378274,-0.27192540797981857
834,0.08225979962221269,-0.2734762234774388
835,0.08651091683386143,-0.27369981897172996
836,0.09252760701244017,-0.2753251203100396
837,0.10255509310672589,-0.27593045843453734
838,0.10699082471642285,-0.2771297730274458
839,0.11546919037655153,-0.27711491141690314
840,0.12562210348680808,-0.27894742174625076
841,0.13305529416452075,-0.28042530075476824
842,0.13638112971585592,-0.28066802326418683
843,0.13881869530758278,-0.28070569135617535
844,0.13862130765175454,-0.28008380886035694
845,0.13622927886896374,-0.2791449711093891
846,0.13340566967636958,-0.2772503837659418
847,0.12904369240367622,-0.27671273535050617
848,0.12252065318276069,-0.27469892611307795
849,0.11897596272435516,-0.2719911201380248
850,0.11701087438467564,-0.27109814132366117
851,0.11375332930024785,-0.26955318091714003
852,0.1095522614583519,-0.2685816853284846
853,0.10699608482913957,-0.2677415567096928
854,0.10123908152496724,-0.2676458750354676
855,0.09421348354916584,-0.2667326036427766
856,0.0887821689860121,-0.26621568723192784
857,0.08235772202683818,-0.2649150501995513
858,0.0698481367600357,-0.2635521069789972
859,0.06559601798969339,-0.2618982607504678
860,0.062391106047981,-0.2614212831489869
861,0.04471412665191822,-0.2610877844731161
862,0.03220694047791803,-0.2600576627586956
863,0.02071861341699072,-0.25954852700552344
864,-0.0005543545725199664,-0.25906266142652595
865,-0.012641198547105843,-0.2588628099619261
866,-0.022097681490722287,-0.2582777850752245
867,-0.03372231455477551,-0.25785377790245667
868,-0.041937812184297506,-0.258707437216323
869,-0.03880072440561415,-0.25910991401032507
870,-0.18199518431031833,-0.2580081131417857
871,-0.1861989786064598,-0.24981526368323367
872,-0.18726469952106964,-0.2355310618876179
873,-0.18423892910085737,-0.22529635552030866
874,-0.18759671156948984,-0.2153062134296416
875,-0.19955797032064823,-0.2127705135117728
876,-0.20712267042432433,-0.21432754138006863
877,-0.042602679103297326,-0.056619271085153466
878,-0.040787320548379004,-0.10509898337388635
879,-0.08430820921356998,-0.14218409630788575
880,-0.027106369659017616,-0.19546076523099884
881,-0.06180286263707252,-0.2553003569547072
882,0.037180410086199926,-0.30982215033460564
883,0.058858806941756464,-0.3342146201355268
884,0.45323601417493553,-0.17341726129410362
885,0.2659444652109033,-0.09055484199646133
886,-0.027421415840605718,-0.20066628742983572
887,0.08686026482595006,-0.11653902413796527
888,-0.14948435466149732,-0.1431811345741535
889,-0.44970420299867647,-0.24503683670898627
890,0.7622122115598112,-0.3003164860381909
891,-0.045564956473392954,-0.22970488172427383
892,-0.21117769648267015,-0.33224814396608615
893,0.023601472646375497,-0.25189245275221617
894,-0.12572180894723928,-0.19939911236809152
895,-0.14138992222841235,-0.17358932741084807
896,-0.027063365852187826,-0.06410682022753703
897,-0.11697319860747946,-0.0773877934591192
898,-0.1765021542534904,-0.11298514348076864
899,-0.1554509527303151,-0.1692055883240656
900,-0.3817754576007453,-0.25269250121439213
901,-0.41446974594414354,-0.2728880531893035
902,-0.36040242369614894,-0.22993226744568787
903,-0.4698234525908185,-0.1701719162503746
904,-0.04932424152428444,-0.27495503832200946
905,-0.07017753220959887,-0.28243640327222136
906,-0.08333148076344687,-0.2849417451322727
907,-0.08564866180038407,-0.28290464316989616
908,-0.07714258450941167,-0.278386482000454
909,-0.0581875150657382,-0.2735229105576559
910,-0.037387242939041374,-0.2683678765526556
911,-0.015806481940621352,-0.26389422736064666
912,9.646934168114194e-05,-0.2606452139086157
913,0.01942848226928742,-0.25875473054220555
914,0.034102547338102245,-0.2571792450586285
915,0.03708062563881686,-0.2569761173623271
916,0.037094924601451064,-0.25690926556505866
917,0.03489694806415124,-0.25712280213792227
918,0.034444021783262786,-0.25724637013850155
919,0.03265381457766851,-0.2573983138193937
920,0.032812709726431334,-0.25718114583927376
921,0.032809951674705684,-0.2567899338792248
922,0.03599500296380355,-0.2568456409253671
923,0.046087162765419194,-0.2557636346894818
924,0.05295552829738949,-0.25535043016044984
925,0.05648780225860497,-0.2536768104397049
926,0.05357379104553239,-0.25320593223189164
927,0.044630996169935655,-0.2539171046740648
928,0.029887361512579706,-0.25481345837998387
929,0.015881237796407228,-0.2565681483858377
930,-0.00405320629035608,-0.25808147216715255
931,-0.02361497518335605,-0.26178214565899616
932,-0.03330106339031669,-0.2652763684599768
933,-0.040020250409522236,-0.2686315030526376
934,-0.042417738937407114,-0.27103054136459076
935,-0.04677592306274684,-0.2714310268487831
936,-0.04599648117689804,-0.27106167004585957
937,-0.3619596293162331,-0.1566949989474617
938,-0.31473504941753794,-0.1870419861117456
939,0.06364042152217697,-0.1768692322241216
940,-0.11937977630019432,-0.40591143017078385
941,-0.11743591214708718,-0.5726772223861668
942,-0.11682738344836212,-0.565678555543544
943,-0.13158035495670248,-0.5652003854592649
944,-0.08421636204988045,-0.5429522178514244
945,-0.07319867414459053,-0.5326513187549498
946,-0.11583613110614212,-0.5497398814338298
947,-0.1591098879309357,-0.5131514142783283
948,-0.190386224857879,-0.45915669674572035
949,-0.1929419905601427,-0.38624005120635824
950,-0.1867861036824933,-0.26537241252034954
951,-0.1871276052836427,-0.18529246281841358
952,-0.20047703882971887,-0.16147179122650007
953,-0.05723060995238033,-0.26492595014561166
954,-0.0358198937387741,-0.26137656246573515
955,-0.01903936294572477,-0.2589406967002493
956,0.004977137215726961,-0.2585782104290895
957,0.02197695160185363,-0.2579857872579687
958,0.03760660373709977,-0.25809792303139806
959,0.05133985274964368,-0.25801788815110316
960,0.0571870995621476,-0.258159426308382
961,0.05842286261543064,-0.2584466505712172
962,0.0644288626673345,-0.25871528392997006
963,0.06535956930786561,-0.2575266314699903
964,0.07000541614119747,-0.25795358445690836
965,0.07489131690364846,-0.25822217551402527
966,0.07946290557672157,-0.2577662503280356
967,0.08387312378450006,-0.2567477489699395
968,0.0861634706384547,-0.2566402263788226
969,0.08621710880762173,-0.2565458732018897
970,0.08501175941142959,-0.2565135700179742
971,0.08362636022994757,-0.256623586549581
972,0.07659869091388097,-0.25616510407001286
973,0.07257688996132515,-0.25616045944632243
974,0.06682584252151559,-0.256265651878848
975,0.062206797084431775,-0.25611829512568807
976,0.05984777520470634,-0.2565278052399298
977,0.055806536649834204,-0.25607935508379065
978,0.049326401502659406,-0.25655544536439434
979,0.03224964551828685,-0.2574287510716932
980,0.019091998279224674,-0.2573350937328149
981,-0.0010021639222602854,-0.2579038679330215
982,-0.023192439232720807,-0.2595176994875622
983,-0.03470927221789831,-0.26184561240560106
984,-0.047791237618568454,-0.26452512769094644
985,-0.05909784338578247,-0.2680428868213063
986,-0.06810242828681849,-0.271797091990846
987,-0.0711090493316078,-0.27696797010121
988,-0.07102465618073538,-0.2837771930704786
989,-0.06617780736224312,-0.2899278775765451
990,-0.1932428399135951,-0.2262164829625062
991,-0.1686425489826097,-0.17810338841277176
992,-0.14021322679120624,-0.1842158938892553
993,-0.1271916435727917,-0.16599082864611467
994,-0.12178127731785535,-0.14183705884753203
995,-0.34666770339834435,-0.13410355463012535
996,4.719281365663267,-0.13512786031927917
997,5.619210551124257,-0.14888058812578045
998,6.094223259611511,-0.17240455629211485
999,5.228941236890463,-0.19763629332396007
1000,4.69363043344081,-0.2138913939270973
1001,-0.40233816031037245,-0.2234391301239821
1002,-0.5722222760598978,-0.23747386214952218
1003,0.26835583328020945,-0.22182724746535393
1004,0.26489022393541395,-0.22253787803007427
1005,0.054498080190622675,-0.2648354915767111
1006,0.06845488763429793,-0.266255114357121
1007,0.09121030047987826,-0.2673180892951176
1008,0.09979991778227987,-0.26730944833323605
1009,0.11332900844060913,-0.2657677154762715
1010,0.11953523865609865,-0.26663444250268975
1011,0.13158765964099162,-0.2655592732948282
1012,0.13275249033910622,-0.26641095460585745
1013,0.13792571093352504,-0.26615829855966305
1014,0.1433270746699326,-0.26556012562540554
1015,0.1473699526444146,-0.26288742732989917
1016,0.15250939607684633,-0.2624092233996915
1017,0.15661032878373934,-0.26205175081521165
1018,0.1573524091078404,-0.2615916516257553
1019,0.15743894472498526,-0.26157637197919686
1020,0.15712460584709184,-0.2608146081516623
1021,0.15540506520652972,-0.26017615006964606
1022,0.154085367578507,-0.25974418462824567
1023,0.15278623474033448,-0.25927204306201107
1024,0.15020931372692609,-0.2595842151868322
1025,0.14454059171852413,-0.2594168101727103
1026,0.13785053396336852,-0.25916293665940116
1027,0.13044803154962997,-0.2582006570814214
1028,0.12641263005307604,-0.25771277923476255
1029,0.12246164311744512,-0.25650552408648114
1030,0.11400636896167086,-0.25728225657888093
1031,0.09862799502659203,-0.2557506571079916
1032,0.09338365810994805,-0.2572786618496699
1033,0.07538378511648373,-0.25686308083200077
1034,0.06165147817898581,-0.25807926947743043
1035,0.048255094841667664,-0.2573945703089589
1036,0.04313427805578943,-0.2573740354675323
1037,0.03432060739764803,-0.2565495152130766
1038,0.02226735948743565,-0.2566688928189117
1039,0.0016197579749152216,-0.2560117532602433
1040,-0.013487233191199441,-0.25681081961763746
1041,-0.026554393755406788,-0.2566021899287864
1042,-0.039235857649625845,-0.2581339386245748
1043,-0.04336254360871074,-0.25910991401032507
1044,-0.17384608176684083,-0.2768438842926826
1045,-0.1781355943293291,-0.27287919883995404
1046,-0.18034718936087263,-0.2644414062083577
1047,-0.18679351279719136,-0.25427382901043977
1048,-0.1972182330156948,-0.24207917599614415
1049,-0.20206876719600758,-0.2357726387550906
1050,-0.21255346820169216,-0.2336434031465569
1051,-0.20741328536639117,-0.23703633382451753
1052,-0.15164464256330912,-0.13728038883903587
1053,-0.10533996680545696,-0.2206821766220929
1054,0.10598452935338673,-0.1862271895927735
1055,-0.017646868539613808,-0.08778248785128548
1056,0.04430222324164516,-0.1968013569975615
1057,0.04369953370627524,-0.2900068085424275
1058,0.362978877347756,-0.18213807803364923
1059,0.016669535986729076,-0.15644971891084783
1060,-0.15040036878957766,-0.1494088242874766
1061,0.015926844943573343,-0.15474985565746316
1062,-0.2941264449313778,-0.1882477170324435
1063,-0.4404963707215185,-0.2295413096111442
1064,0.8140464115181562,-0.2931003551449207
1065,-0.06351344507820636,-0.21795240495034723
1066,-0.20088876622317178,-0.3268332652172132
1067,0.004069887395331776,-0.27081734408455
1068,-0.11745894033550322,-0.21785356275708095
1069,0.06833309484570124,-0.0967850884391929
1070,-0.01051664531268103,-0.061849581617196066
1071,-0.12010994792629621,-0.1801578291662949
1072,-0.13072131204614926,-0.18318841552112744
1073,-0.27754064976170073,-0.19733190562702194
1074,-0.2736887216225215,-0.206667852055904
1075,-0.27271412744265927,-0.22335420525224126
1076,-0.34481336226235265,-0.20400144065531803
1077,-0.35286785211178073,-0.20898655184087447
1078,-0.005258442020095881,-0.26344324857954976
1079,-0.032212748535747134,-0.2690278765761227
1080,-0.04872464487429719,-0.27237623142226675
1081,-0.04878041827795059,-0.27121789909477506
1082,-0.03900250587119758,-0.26841172045894934
1083,-0.023530708547963037,-0.2650066422589676
1084,-0.0025988291338168907,-0.2611840703173569
1085,0.020380939096325833,-0.25630793705790655
1086,0.037514710521660104,-0.25411580611851775
1087,0.050112687852921174,-0.25229932025792157
1088,0.05615388050114629,-0.2505777721068891
1089,0.054671279322549435,-0.2505631554398955
1090,0.0490883742379509,-0.25156877000332406
1091,0.04144627826882645,-0.2531291815499775
1092,0.03549360239097417,-0.2541563561008161
1093,0.03305462669468467,-0.25457837249274884
1094,0.03350980990566177,-0.2540788275974856
1095,0.03619528613327889,-0.25271673522037363
1096,0.04378070749769506,-0.250870267279989
1097,0.05331278486233776,-0.24872189077244292
1098,0.06052837347041458,-0.24604093404651303
1099,0.060328808366602,-0.2440441585039279
1100,0.05922922848541713,-0.24349815271902525
1101,0.04840307722624095,-0.24387798233974126
1102,0.03055919672447229,-0.24608253342185504
1103,0.012436303892715278,-0.24965407029545422
1104,-0.007533822742239518,-0.2544753268924627
1105,-0.026977336288110016,-0.25712153796458087
1106,-0.03533221968182054,-0.26103892663180767
1107,-0.04134166487209186,-0.2638546281683447
1108,-0.0484510040643001,-0.264308359519939
1109,-0.049492896239458115,-0.26167588207068054
1110,-0.049482217743842836,-0.25791237563871977
1111,-0.4060051205656847,-0.18463179515319314
1112,-0.319867793430033,-0.18022901007880587
1113,-0.1567693026546762,-0.17223043673245578
1114,-0.15683073142678353,-0.16585054726419665
1115,-0.16642693127410346,-0.49836310116929217
1116,-0.17334386742229044,-0.6136108221055571
1117,-0.17764525751755528,-0.6334451087897506
1118,-0.14991717064218588,-0.6345311674272319
1119,-0.11806354864364413,-0.6539184726025243
1120,-0.10545116052699968,-0.6918883702794645
1121,-0.1133158687157958,-0.6640160590600441
1122,-0.14813478058877932,-0.6150334469497186
1123,-0.1670982100004841,-0.5898407241522504
1124,-0.1795529201706864,-0.5508072148668026
1125,-0.1710368640106135,-0.46783476111361727
1126,0.5380867285701352,-0.11332578105902866
1127,0.4175710952969966,-0.17517743042753864
1128,0.02949398679745389,-0.2518081259207863
1129,0.05158405394458718,-0.25084912207611676
1130,0.06131121020019667,-0.25099617525149387
1131,0.06736999233500526,-0.25081650180037734
1132,0.07686551565743935,-0.24961516745516102
1133,0.0812691714185872,-0.2500403797595273
1134,0.08903029652344577,-0.24803506542455708
1135,0.09596540015456316,-0.24604694654415502
1136,0.10279774284201337,-0.24533110248239864
1137,0.11019100572923948,-0.24524081843551587
1138,0.12336938318966258,-0.24398606662697905
1139,0.1295997316816665,-0.24378446760333794
1140,0.13381779454685355,-0.2429289228139438
1141,0.13417825089774113,-0.24277431766255864
1142,0.12820802212285942,-0.2434914290227558
1143,0.12174296956485359,-0.24302896908417138
1144,0.10882360916252555,-0.24360627260831255
1145,0.10331023366564977,-0.2442384937755805
1146,0.09536924924882378,-0.244555892020127
1147,0.08869526967466014,-0.2442834443774863
1148,0.08150507791497885,-0.24488478153247342
1149,0.07815918859939736,-0.24553403877300356
1150,0.07562486002895705,-0.24602063153571377
1151,0.06716698478172446,-0.24704950569913386
1152,0.06466232598189008,-0.2463728651162247
1153,0.05437667950876908,-0.24718152544606556
1154,0.03786692347593873,-0.2478788622529056
1155,0.017961585111468097,-0.2509893800320491
1156,-0.002003139960756133,-0.2545478229905846
1157,-0.022517914400322508,-0.2565394443141417
1158,-0.03838546018211227,-0.26018303814222893
1159,-0.051467701249635754,-0.26385073694501554
1160,-0.06018556978924953,-0.2686799898744021
1161,-0.06743226231897069,-0.2741411980102825
1162,-0.07023412683894217,-0.27966855064786805
1163,-0.1501116837965467,-0.606747191339984
1164,-0.15110473484566697,-0.5639890583482637
1165,-0.14369495760224657,-0.41083616121298183
1166,-0.14253761811980295,-0.14791272309552284
1167,-0.14416966310180726,-0.20814088715009238
1168,-0.30229715352637554,-0.18735193428764227
1169,-0.2796568031519681,-0.1852585610278052
1170,4.689349559808005,-0.19854760616785952
1171,4.900720263211309,-0.2133761861706818
1172,4.702437529654449,-0.23316720355642898
1173,3.9183910230432177,-0.23746465684933935
1174,-0.42822804112852575,-0.17827085388480746
1175,0.32281006097030873,-0.23906659485983106
1176,0.2698445588505974,-0.1814968372771023
1177,0.2522801371509404,-0.1786374176302408
1178,0.087162303621978,-0.2607192350878302
1179,0.10957848411256531,-0.2593366308838733
1180,0.12667940154055984,-0.257294546728954
1181,0.1319025756044825,-0.2569229436138181
1182,0.14258378054884768,-0.2523306263811359
1183,0.14811111849410588,-0.25120122930531713
1184,0.14872740239368104,-0.24879539532830702
1185,0.15449429919915897,-0.24518493439321684
1186,0.15782890282142556,-0.24470103012098748
1187,0.16281541505203811,-0.24388603421528351
1188,0.16739562464528868,-0.24260786079225144
1189,0.17580048652043562,-0.23981320738280856
1190,0.18408135296724312,-0.23872942712678005
1191,0.19158359539429815,-0.23962385686967524
1192,0.19206895758561912,-0.23892160741493593
1193,0.19479591092830942,-0.23815539198814314
1194,0.19785126223008337,-0.23688204452084494
1195,0.19935233179848882,-0.2372110347358962
1196,0.19328095207045973,-0.23658563011897216
1197,0.19265702571959073,-0.238307990760363
1198,0.18981430872034286,-0.23507296447736836
1199,0.1753629636556561,-0.23525239671373824
1200,0.16117934191594815,-0.23705616603503474
1201,0.14892979235798715,-0.23645704744619483
1202,0.1393785744275167,-0.23959008346506844
1203,0.1311186559875786,-0.24312964170368112
1204,0.12080505470029121,-0.243732579489555
1205,0.10647001129239099,-0.24513877600582815
1206,0.09904071713514938,-0.24405573515916879
1207,0.08962318420521588,-0.24406588432265663
1208,0.07935051933032099,-0.24460457420829373
1209,0.06496035132117815,-0.2454847619589502
1210,0.05345300846696384,-0.24578001180876388
1211,0.03958416947019308,-0.24757012940168377
1212,0.019702816454402822,-0.24835628843345278
1213,0.00038274737703064234,-0.2507788612150328
1214,-0.013567296854468579,-0.2543430254285268
1215,-0.028612149078929967,-0.2554737422007971
1216,-0.03544180019933949,-0.2575127901255207
1217,-0.034211612616531765,-0.25910991401032507
1218,-0.18751323801227587,-0.29724080489202526
1219,-0.1934515689560456,-0.29216473940962356
1220,-0.20337303333878223,-0.28453731419857
1221,-0.2069427578391161,-0.27446595798734164
1222,-0.21292045063462392,-0.26309789168109315
1223,-0.21119216943504443,-0.25218896437653454
1224,-0.1906742161213156,-0.24552160888564767
1225,-0.15775392415512496,-0.24801160136587813
1226,-0.1530699642596161,-0.14756492833587886
1227,0.06177191332223785,-0.2532801041601299
1228,-0.10056499359926141,-0.21675930493251763
1229,-0.07275593320519369,-0.16452199833227138
1230,0.04115489464521944,-0.08958633153069019
1231,0.057072954728315556,-0.23575960475103022
1232,0.15243905605331565,-0.15604315688165105
1233,-0.012727162283382066,-0.1460259293536065
1234,-0.14796812047789157,-0.14052969479618485
1235,0.009563494825371305,-0.19109241716332828
1236,-0.3248719102127816,-0.19733836941859034
1237,-0.38763562756112985,-0.2112924301648662
1238,0.8715330745535558,-0.2751522356375971
1239,-0.024805816896379514,-0.22924537999884548
1240,-0.18617257531142967,-0.33448344669325697
1241,-0.1336475100740864,-0.4167984521947147
1242,-0.3376617605055361,-0.2599247576159522
1243,-0.08674431018143658,-0.1983337273063028
1244,-0.05455301510235879,-0.0681875828726474
1245,-0.17202409711774783,-0.15726244340027548
1246,-0.15173332649759488,-0.198264401383997
1247,-0.3077436749669571,-0.1963562290715243
1248,-0.312776983999595,-0.1958384456715738
1249,-0.33173334536942906,-0.20510660040137246
1250,-0.35449225685195046,-0.1336372471744475
1251,-0.3628218041412391,-0.17458395225335607
1252,-0.016393627659827284,-0.26527042845479326
1253,-0.03289466429651001,-0.2710694775709645
1254,-0.04729124935881523,-0.2756679676887204
1255,-0.04793105699762343,-0.273450472467918
1256,-0.034774507187176215,-0.26900123619888766
1257,-0.019632100247983487,-0.2647721540123676
1258,-6.120662054973442e-05,-0.2583966246223857
1259,0.020666720931353647,-0.252847369131932
1260,0.03832951367530728,-0.24621073212589215
1261,0.05485726885133891,-0.24118466610607905
1262,0.061772775825786906,-0.23770382931802936
1263,0.06675302111239109,-0.23783798979908305
1264,0.06479274963637276,-0.23811750699915465
1265,0.05712261421479013,-0.23891671980852944
1266,0.05225571171619754,-0.24144951529140868
1267,0.048368576835859045,-0.24266565043129232
1268,0.044421188480903644,-0.24324606468994348
1269,0.04554238798952828,-0.242506151024333
1270,0.046949424285701334,-0.24104853296612397
1271,0.05105743615123648,-0.23841403296703473
1272,0.0537337135074752,-0.23585726165201834
1273,0.056319691806215315,-0.23324891807311746
1274,0.056511334625883036,-0.2315160919625629
1275,0.053358073231675816,-0.23113680751782834
1276,0.042541200700295406,-0.2341226166845658
1277,0.026956818479212104,-0.2362180984051247
1278,0.01040385615188316,-0.23944266920209245
1279,-0.004238753581097325,-0.24575690961224153
1280,-0.018788594956467664,-0.24954698926065025
1281,-0.02840604048439458,-0.2533252206209864
1282,-0.03373106854229957,-0.25509390179848973
1283,-0.03805722042004073,-0.2566419223977261
1284,-0.3589938959078865,-0.19919240911086947
1285,-0.1876750207380817,-0.19423852240599268
1286,-0.16626301728771803,-0.1891848278595696
1287,-0.15057558159384588,-0.16820853203931674
1288,-0.15027729491401715,-0.5126467589449267
1289,-0.1615500948597249,-0.5830168478738338
1290,-0.178837277665726,-0.5960250550284035
1291,-0.187227561946538,-0.6269879512906619
1292,-0.16775483520556148,-0.6409650334150435
1293,-0.15257823997963818,-0.6852992202220048
1294,-0.1548444850460311,-0.6959729113743116
1295,-0.1613679006134095,-0.6611469590138219
1296,-0.14633053989121286,-0.6141888199096429
1297,-0.14066240321311724,-0.529495484188856
1298,-0.13859416146194073,-0.47152383372728035
1299,-0.1098430605616353,-0.42434707556287254
1300,0.4221231144984976,-0.10379064677544071
1301,0.001107412685199648,-0.25306859679104726
1302,0.0178671257263189,-0.2487277551752903
1303,0.03868255909949803,-0.24499744047791183
1304,0.05893611569510544,-0.2416815968503194
1305,0.06050129082721251,-0.2407345560727989
1306,0.07265775413959973,-0.23719978153798674
1307,0.08503680462768082,-0.2359296926961533
1308,0.0902808797095607,-0.23231406057411733
1309,0.09821640621621415,-0.2321525707431783
1310,0.10161476759951547,-0.22909246677100184
1311,0.10562512913581865,-0.22885150989532954
1312,0.10618810664414077,-0.22829753868465177
1313,0.10536932910663604,-0.2287098391591228
1314,0.10444178183025,-0.22910416533768516
1315,0.10283925399404518,-0.22882093294113606
1316,0.09834462769072784,-0.22970416322360246
1317,0.0951090956820547,-0.23056257515908787
1318,0.09295900801936693,-0.23040018524523653
1319,0.09164363395413751,-0.2306157774333917
1320,0.09205465182399616,-0.22951230995640412
1321,0.0927422407675207,-0.22835990788794447
1322,0.09212796818979346,-0.22872982881900145
1323,0.0898286028415812,-0.22733750253368395
1324,0.08789834793477287,-0.2274270436307693
1325,0.08644785482117208,-0.22789232885246863
1326,0.07472667181224102,-0.2292316620476262
1327,0.06411316257185083,-0.23091223518066262
1328,0.049354340680908874,-0.23539037615864675
1329,0.02690548407045352,-0.23946814555711157
1330,0.0037994398988262113,-0.24545765247281134
1331,-0.012828343471606078,-0.2530673063193898
1332,-0.03033836870584842,-0.257308840503107
1333,-0.03795876825641101,-0.26172229940506947
1334,-0.0454516256131017,-0.2665767042101239
1335,-0.05071914743721711,-0.27139906104078987
1336,-0.050959483417873555,-0.2766652309934336
1337,-0.16735324722802514,-0.6326810588949201
1338,-0.16527981281813756,-0.6420769017477133
1339,-0.15821691713915098,-0.5537795930607962
1340,-0.1486487705313227,-0.15005907744571778
1341,-0.04855688131468757,-0.21610009391781998
1342,-0.4502342692369823,-0.19593413649257574
1343,3.995021121723089,-0.19027081486675845
1344,4.862976930503897,-0.18281976444308648
1345,4.977446292376679,-0.19967267868706645
1346,4.606335453628174,-0.24536225004743012
1347,-0.4291342683294146,-0.25425620254970843
1348,-0.5676271574811715,-0.2684081148753552
1349,0.17286998885518787,-0.16931319995383448
1350,0.13742464426411602,-0.18745456992620685
1351,0.11748120459182605,-0.12287239243313139
1352,0.06270026758571558,-0.25216180683396955
1353,0.08648035342476927,-0.24909586283022164
1354,0.09871997891609885,-0.24326388402196322
1355,0.11503853229012247,-0.23942702717316017
1356,0.12220584495884108,-0.23871922396839462
1357,0.13458626867197335,-0.2349080425638713
1358,0.14565683461490558,-0.2352492456653882
1359,0.15246560338506607,-0.2352484139617581
1360,0.16075622673020304,-0.23599545935192948
1361,0.16491836767611498,-0.2316739402370605
1362,0.17360792674564723,-0.23391298813159786
1363,0.17507453304636802,-0.2343203659546704
1364,0.17800075163563928,-0.23510157551808283
1365,0.180595128958,-0.2341783407127199
1366,0.18142834633988134,-0.23337197255150033
1367,0.18036112306308769,-0.23315056814221785
1368,0.17683810555416854,-0.23276075291552448
1369,0.17183110306546753,-0.23373884042479146
1370,0.1638115813119891,-0.23196729316370546
1371,0.15966424256378925,-0.23098957984092944
1372,0.15593846746874251,-0.2282680796924083
1373,0.1534579674905072,-0.2278260329960282
1374,0.15255416635858454,-0.22643113559111727
1375,0.14305842492790338,-0.2249901653659854
1376,0.13405401175788334,-0.22395610427170018
1377,0.12592698937929195,-0.2237183547910513
1378,0.11896353861924995,-0.22545924088103705
1379,0.10652943341805782,-0.22655953517005437
1380,0.08836933502171901,-0.22832057802143374
1381,0.08387091839679077,-0.23089722256270526
1382,0.0669184054903498,-0.23157277084932382
1383,0.05100075431070182,-0.23544133197063433
1384,0.03598358280901777,-0.23744453825568346
1385,0.02283481823657639,-0.2410058490640983
1386,0.007674662108320701,-0.24583830523670114
1387,-0.014670491137157914,-0.24907700853947115
1388,-0.025009847311272596,-0.25357167076121506
1389,-0.03456138460979261,-0.2557278349080962
1390,-0.03859967194414718,-0.25767253965221465
1391,-0.03585385583638211,-0.25910991401032507
1392,-0.06159652008426267,-0.2747653225453098
1393,-0.10027717939580627,-0.2839789663946878
1394,-0.14772388435652983,-0.2894298980816155
1395,-0.1802608225043317,-0.28911252492477907
1396,-0.2018963507660798,-0.2808248983202175
1397,-0.21135213405599435,-0.2676226183537106
1398,-0.21923373127924564,-0.2554273198137556
1399,-0.20425162012339762,-0.24785731938149866
1400,-0.1547911881696878,-0.24824089110567554
1401,-0.10570858459222149,-0.22250616364396628
1402,-0.13032198412777504,-0.25618128883695035
1403,-0.11556291619085703,-0.2099627747487183
1404,-0.04043916296727161,-0.14430712265349835
1405,-0.004242041116150894,-0.19928322096443374
1406,-0.009514150610131755,-0.1369278667188895
1407,0.04136046316846256,-0.06770135218287221
1408,-0.15204624303406145,-0.1797313308614129
1409,0.020122605270230888,-0.19698796783734474
1410,-0.3170359268220955,-0.20694036934140989
1411,-0.3153863900697988,-0.19434351929325694
1412,0.9435883068838348,-0.24398768122798986
1413,0.00615319152720545,-0.1896538728732492
1414,-0.16708088791139064,-0.33892610813630475
1415,-0.184681540680431,-0.6418859445498366
1416,-0.37231636801644963,-0.29551318948446453
1417,-0.13122196906901878,-0.09065990369594185
1418,-0.07112054090917827,-0.12440330581368435
1419,-0.18208385788010886,-0.1436563536074735
1420,-0.1453314438459532,-0.1792973107489202
1421,-0.2929875172430893,-0.16883451976116115
1422,-0.2939993262439599,-0.16467075520079025
1423,-0.3107965956866837,-0.17137289662853014
1424,-0.38992622053561193,-0.17254536910084584
1425,0.003761244727811168,-0.25562307204505225
1426,-0.020142750778228132,-0.26584223644665234
1427,-0.03226764708082114,-0.2727799577810284
1428,-0.04026435776024594,-0.2768807664766413
1429,-0.034709916326014015,-0.27335622841332374
1430,-0.02785709070787491,-0.2670935496949973
1431,-0.01683109675795444,-0.2610985406040913
1432,0.006751541540687035,-0.2516635399814021
1433,0.02643816572380403,-0.24036956755827427
1434,0.04317437012039958,-0.2331281686910415
1435,0.04741249728780764,-0.22622759607026638
1436,0.04980851789897579,-0.22485087309522658
1437,0.04716508995902606,-0.22406016735231268
1438,0.04632642092577621,-0.22562726954437348
1439,0.0432311704782005,-0.2280482005112846
1440,0.04174013102670826,-0.23027052401012527
1441,0.03836310781983286,-0.23368419618426334
1442,0.03493038489668105,-0.23577492244482778
1443,0.030967531840666928,-0.23608307623768107
1444,0.030400991662209654,-0.23550840785489796
1445,0.03170392086398631,-0.23445403188974226
1446,0.030019256903197667,-0.23270076546243268
1447,0.02975967661921013,-0.22968004189139327
1448,0.028124100910539185,-0.2284020621018376
1449,0.023579352442421486,-0.22857248798719598
1450,0.020583017077961875,-0.2296019352224298
1451,0.012136177529145002,-0.2319501701620584
1452,0.007472900226410869,-0.2348620980095109
1453,-0.009109499883790808,-0.24128057124420363
1454,-0.021878405349954885,-0.24644348784719744
1455,-0.030454824979517344,-0.25157130889844054
1456,-0.03235220906338466,-0.25511156597855217
1457,-0.037920000924849206,-0.2590797008527706
1458,0.06277079232652107,-0.19497174632302303
1459,-0.16735292458551926,-0.1854079461313544
1460,-0.15665861217756855,-0.5167611703312296
1461,-0.143954418229463,-0.5320776727354456
1462,-0.14688730337062159,-0.5266312471987252
1463,-0.16207171412944488,-0.5203124261029198
1464,-0.1783737268680094,-0.5305368934247621
1465,-0.17663813304163184,-0.5615727902830534
1466,-0.15733793675838492,-0.5846370241106942
1467,-0.1489465805131854,-0.6561551775605
1468,-0.15712550091805744,-0.6367212832080242
1469,-0.16868271066051013,-0.5900014022946816
1470,-0.14965857282613654,-0.5167694909280922
1471,-0.12261625863171997,-0.4459037856854862
1472,-0.1010097740088973,-0.39805505000728936
1473,-0.017948962589369122,-0.34906624386016744
1474,0.09805639326565514,-0.02981251876999369
1475,-0.003693659099634492,-0.24851201199021927
1476,0.015851134958249566,-0.242844712840368
1477,0.02777992354951284,-0.23888329044390966
1478,0.03434460981226474,-0.23606657633415007
1479,0.03630888461894193,-0.2342221845952483
1480,0.03484704113887585,-0.23354963917735222
1481,0.037094644486606626,-0.23080827156711733
1482,0.041578015623923256,-0.22911985444086458
1483,0.047469850381020036,-0.227104615056292
1484,0.04804262058693018,-0.2300720367782512
1485,0.04990566592001501,-0.22841706089891708
1486,0.05236645805559469,-0.22771944129382674
1487,0.054881510703659785,-0.22801085924675196
1488,0.05570383791771546,-0.22788942940128157
1489,0.05518298180525366,-0.22757730087823486
1490,0.05408510694766094,-0.22694532801708883
1491,0.05326104445851337,-0.22634771571333814
1492,0.052217450365560907,-0.22552532437648634
1493,0.04953726726439642,-0.22593766625104586
1494,0.04935088234113949,-0.2254469549003814
1495,0.048807070914593256,-0.2234035305288672
1496,0.046824769933907565,-0.22426781310381114
1497,0.043005883288316796,-0.22540236836005412
1498,0.044265271787612366,-0.22574274519231702
1499,0.03916165377152736,-0.22626986841909144
1500,0.03441036971595012,-0.22491843765958527
1501,0.033306848899147166,-0.22765367956119842
1502,0.026186442816632953,-0.23117692063956613
1503,0.01211587015466278,-0.2367147183449658
1504,-0.004437790492900361,-0.24100050020878178
1505,-0.018835748038834102,-0.24737438590925628
1506,-0.027631021585614597,-0.25411021010202167
1507,-0.0328792358689973,-0.25778255892697816
1508,-0.03423891113395153,-0.2611976812480572
1509,-0.03332423405937509,-0.2660686201771106
1510,-0.1247401223741124,-0.6405769319314198
1511,-0.16139580320371705,-0.646792331313028
1512,-0.1883987172502842,-0.6419509988828708
1513,-0.18248406241124243,-0.5428704257069092
1514,-0.16316579610321355,-0.16148640448407128
1515,-0.3501175196912655,-0.20463025761406262
1516,-0.38443123322743494,-0.1773554864200977
1517,4.348467859664287,-0.15626046168638696
1518,5.0759952679449,-0.14745181612217936
1519,5.1067252871437745,-0.16077337490697968
1520,4.538315187632362,-0.20327241272326685
1521,-0.4856933540653875,-0.22119606571809602
1522,-0.516483447153491,-0.27491177195637756
1523,-0.08867207920048563,-0.22606780008833618
1524,-0.07910980489651942,-0.11953645563642061
1525,-0.056570563987218526,-0.17620045198495202
1526,0.03203838744911156,-0.2406587866955442
1527,0.04270201312952662,-0.2372954728426046
1528,0.050365800581280214,-0.23397141845777963
1529,0.054271883914640426,-0.23522350761113014
1530,0.05593465277150229,-0.23731976490516024
1531,0.05637614166771625,-0.23636995524767476
1532,0.06041983029397788,-0.23709682430759313
1533,0.06714339069074315,-0.2365160152811683
1534,0.0689372816992662,-0.2357850300649023
1535,0.07094552238040072,-0.23843503399798885
1536,0.07290757368482156,-0.24174323702450648
1537,0.07338678754334847,-0.2446554991766962
1538,0.07490826099560113,-0.2473764991941934
1539,0.07238183599014682,-0.2449756832814485
1540,0.0701856001232575,-0.24342650516678155
1541,0.07191690732486897,-0.24320770987349302
1542,0.07436877493408553,-0.24420164430505226
1543,0.07634415333697063,-0.2454407310497001
1544,0.07185705536528712,-0.2438569591257559
1545,0.07127746052529435,-0.24215724297415456
1546,0.07210992842754184,-0.23692380444450478
1547,0.07026530067625684,-0.23617801669588062
1548,0.062419936323450304,-0.23550074199264423
1549,0.05886941941151282,-0.23448462616651594
1550,0.05770342077357718,-0.23203893015079186
1551,0.054740017999233934,-0.23110893403582194
1552,0.051595207476806,-0.22910752080006105
1553,0.05019103426420988,-0.22591510990981872
1554,0.03880638573020432,-0.22381863722686707
1555,0.03512556089879396,-0.22640570106362176
1556,0.027615063429475353,-0.2253605722840781
1557,0.022259566788425333,-0.22993780569526334
1558,0.01668128270949968,-0.23285935894270113
1559,0.00714592524030889,-0.23601192397287812
1560,-0.005765222320810017,-0.24062546912253646
1561,-0.018935191356438678,-0.2454225189010492
1562,-0.030829363490333238,-0.25112531785088993
1563,-0.036399417015226504,-0.25526470688198705
1564,-0.038444809896751364,-0.2574811331812941
1565,-0.036812301779886314,-0.25910991401032507
1566,-0.10572510346554026,-0.3003457487481844
1567,-0.12673683563336682,-0.3036600869462755
1568,-0.14739399955776783,-0.3074984306224166
1569,-0.1663995365900895,-0.30563775823493283
1570,-0.18211440896036596,-0.298158825014225
1571,-0.18967779595577905,-0.2843840442651417
1572,-0.19631531303886365,-0.26975494607496137
1573,-0.18621898356252609,-0.2582146152475406
1574,-0.09323669567077471,-0.16075348061728661
1575,-0.08771379668670401,-0.1652723658553794
1576,-0.0579356150338141,-0.16123910457339824
1577,0.001985587081081251,-0.13338807148309717
1578,-0.07055570432016849,-0.15695959483202376
1579,-0.12108606774001318,-0.1536442088135127
1580,-0.09702984181188803,-0.13658040664182927
1581,0.0014247882693058601,0.11799552678806251
1582,-0.11365223193612237,-0.18619457664777586
1583,-0.2012236614401062,-0.16463439363362348
1584,-0.24574401982664484,-0.1846158080298982
1585,-0.16050729786316517,-0.16003745066501054
1586,1.0005798980371832,-0.213777510658438
1587,0.03844819184754406,-0.16131503127150615
1588,-0.1375004867645057,-0.09682465699866831
1589,-0.2391578177034026,-1.2565520783124198
1590,4.8418346855528505,-0.261479089682957
1591,4.84114249221263,-0.2904740418173038
1592,4.770471271298903,-0.23145612763653411
1593,-0.16707687902974072,-0.16639950785695512
1594,-0.06370004037593123,-0.23065801179463244
1595,-0.07355631915620468,-0.2527519040050053
1596,-0.4481753632040506,-0.09034354708235959
1597,-0.5877052443168052,-0.1091088954646097
1598,-0.7118108756161412,-0.00483265678051274
1599,-0.7749133471483924,-0.1536235168128602
1600,-0.024234003980251686,-0.2644337307810577
1601,-0.028120483600758705,-0.2664387741751798
1602,-0.02928415443434574,-0.26698520718808105
1603,-0.030652524096053423,-0.26476901477521725
1604,-0.023509159818170058,-0.26012113275406523
1605,-0.010107094545599611,-0.2522248577372345
1606,-0.0010377998341270542,-0.2402762061094377
1607,0.0028718466816235774,-0.23230558123213776
1608,0.0018259358359599197,-0.22591814164877932
1609,0.004001141837283455,-0.22455169848144182
1610,0.0015457115742368128,-0.22324096864614992
1611,0.0007306486289167479,-0.22331569163289006
1612,-0.0016622398419576451,-0.2233041446634844
1613,-0.0013854176016632768,-0.22375977834772234
1614,-0.0022553542258211172,-0.2238153776964506
1615,-0.004141616024776527,-0.22627037198322283
1616,-0.005850157589491027,-0.22518198507942297
1617,-0.004546140539942901,-0.22491604727994732
1618,-0.005768181667416775,-0.22322787783540973
1619,-0.006085599794602654,-0.221687312321354
1620,-0.004459855402256188,-0.22207882662202252
1621,-0.004938454878253669,-0.22175388013276676
1622,-0.008091101558468665,-0.22056603598457702
1623,-0.01057541869767737,-0.21944333870118674
1624,-0.009036329839659126,-0.2210066463177327
1625,-0.003569655879208044,-0.22715800131699004
1626,-0.010332404610593551,-0.23422456999069702
1627,-0.021564617438322848,-0.24113829064952114
1628,-0.030962373718576196,-0.2509828540682431
1629,-0.032113543048650266,-0.2568182184691288
1630,-0.03293836799998979,-0.263411563960168
1631,-0.03394079843965477,-0.26879094277393595
1632,-0.10863366466448829,-0.5788763311994269
1633,-0.12947248865485977,-0.5739933655393253
1634,-0.1476259792397083,-0.5478919779812627
1635,-0.13874636845081,-0.5197014970248336
1636,-0.14678593152363303,-0.4921236631759868
1637,-0.16007472478735163,-0.47653950534810047
1638,-0.176106548014662,-0.48729041183163085
1639,-0.1606657750522886,-0.49908836483365293
1640,-0.14135101752991977,-0.531246815316606
1641,-0.13635480544950085,-0.5692462202178079
1642,-0.14464667668546452,-0.504137934395351
1643,-0.15804729251525493,-0.4638724603808322
1644,-0.11995284899303639,-0.4153159636789597
1645,-0.07919602163161392,-0.3549649969143343
1646,-0.07625767927085939,-0.3217054306250551
1647,-0.056864914745180274,-0.3015887519255082
1648,-0.3526326582510963,-0.2693786619669024
1649,-0.015875118781675128,-0.24714302269177268
1650,-0.01018025341694187,-0.2394457580490394
1651,-0.0007592656418667025,-0.23438380354335123
1652,-0.004869405719115573,-0.2322478172200751
1653,-0.004845772435644943,-0.2281000789265407
1654,-0.008302537926637354,-0.22683151792765904
1655,-0.013815823218211447,-0.22931496293082365
1656,-0.01351960530290393,-0.22998819026667375
1657,-0.011461051401307331,-0.23115381433438884
1658,-0.015549691438942963,-0.2373046540498093
1659,-0.016206091993680522,-0.24242841387005393
1660,-0.01981458352074001,-0.24709174042036203
1661,-0.021698301777346253,-0.24716630301753612
1662,-0.020760915558287615,-0.24804603519030868
1663,-0.018771188460033342,-0.2465428148663438
1664,-0.016102948143451288,-0.2444960568722134
1665,-0.017688918337905018,-0.24029274377956913
1666,-0.017599928549540147,-0.237368259834269
1667,-0.01870720981777474,-0.23495955437913688
1668,-0.012904479932682586,-0.23335470342992615
1669,-0.01366399190011956,-0.2315010100778542
1670,-0.018775296799962867,-0.2307572634464089
1671,-0.01613669162726431,-0.22979215525024557
1672,-0.016694066390814558,-0.22956181782962579
1673,-0.014174527109985681,-0.22790792015607883
1674,-0.01593627378737387,-0.2255933931496573
1675,-0.01275791817498798,-0.22438958479797055
1676,-0.013407799072809855,-0.22360213220551137
1677,-0.009751717135872567,-0.22636333877306627
1678,-0.013777981905332769,-0.23245537408263728
1679,-0.021692107752747554,-0.2424982494945027
1680,-0.03172745081226141,-0.25300917305516624
1681,-0.03212138112588996,-0.2612669292489364
1682,-0.02747858135342865,-0.27028100921903586
1683,-0.028211518957734456,-0.27800495637078915
1684,-0.10945505527203052,-0.5215781309996201
1685,-0.15941363229064923,-0.513589922171242
1686,-0.18659797535236672,-0.304312921836531
1687,-0.1612561132302876,-0.20260935899683816
1688,-0.10937422897371872,-0.1743753294413182
1689,-0.3576788807769938,-0.15283250620841293
1690,3.8797995342379292,-0.13341682325916474
1691,5.003640815726361,-0.11991503122806257
1692,5.937909503791152,-0.12034640693041562
1693,5.304420274769422,-0.13002650029748408
1694,4.73209673677827,-0.1518771059707264
1695,-0.4999655147783761,-0.16574894215379607
1696,-0.6782251736050642,-0.21221249789807786
1697,-0.2692903974189396,-0.21136204928035293
1698,-0.3505493617044404,-0.36183807980603
1699,-0.3996095478267045,-0.24234122637412697
1700,-0.005640946744295848,-0.23956147913369827
1701,-0.016220047503197686,-0.23392135747987466
1702,-0.015013435879291924,-0.2330755658021011
1703,-0.02419729988852403,-0.2347225473452027
1704,-0.025474381118002508,-0.23972949185388903
1705,-0.030717248931178713,-0.24476933218558786
1706,-0.04094373994136773,-0.2538267893219119
1707,-0.03934689818982685,-0.2523091082815226
1708,-0.044172447519365755,-0.25105390269568284
1709,-0.04613614510822274,-0.2500536955404091
1710,-0.04865978344431029,-0.2468136499071351
1711,-0.04978637870795494,-0.2422483244100428
1712,-0.053919431613079355,-0.23945973235951953
1713,-0.054111776570441375,-0.23770949499664923
1714,-0.05739620587796132,-0.23674277612172637
1715,-0.05765734193251075,-0.23576682270685742
1716,-0.05822780611094972,-0.23644445329712624
1717,-0.05518274076634168,-0.2370559023785521
1718,-0.05421690601253706,-0.23791244144803828
1719,-0.05120403669530815,-0.2383413842432722
1720,-0.05038454804477122,-0.2423729168437777
1721,-0.04814166842978374,-0.2440855791468512
1722,-0.042347451655266405,-0.24667796727817656
1723,-0.03915667807584681,-0.24945977951494097
1724,-0.03837390995130268,-0.25175053553614296
1725,-0.031500248172977585,-0.24666001947265803
1726,-0.026216474732407055,-0.23765310849085053
1727,-0.024072256475382282,-0.23185241943804782
1728,-0.02557834215942017,-0.2274863764746076
1729,-0.01920977017176714,-0.2270357523509749
1730,-0.021659684812049492,-0.22475592337993516
1731,-0.01793824316149326,-0.22550816695601048
1732,-0.022419152632014768,-0.2260842455824747
1733,-0.021925489875999526,-0.22913273244139606
1734,-0.021828600268041516,-0.23341484226381817
1735,-0.03127847477359445,-0.23901583539038176
1736,-0.028829850479533195,-0.24669173433230882
1737,-0.035828339324447456,-0.25466202823706957
1738,-0.04096501981377622,-0.2573678002229762
1739,-0.03739067762973146,-0.25910991401032507
1740,-0.042583846708064095,-0.27644065074733815
1741,-0.04534353214286983,-0.28182508807123635
1742,-0.058115828079448956,-0.28019860921968165
1743,-0.0697119595420719,-0.2785101847844883
1744,-0.08164601498810299,-0.2713526497920646
1745,-0.09522798035015437,-0.26163242913043244
1746,-0.10266819928549493,-0.2548677488879054
1747,-0.09325122518826072,-0.24758611485490098
1748,0.03505239579830304,-0.1715833964605181
1749,0.021830192760951554,-0.07942674647008002
1750,0.002054557694434253,-0.4589378586571172
1751,-0.14596729270036315,-0.3494763673310636
1752,-0.13300842933391832,-0.22500188978169466
1753,-0.11595802603113999,-0.18569460691003545
1754,-0.029929503249976626,-0.15304077159630278
1755,-0.039674948730352884,-0.1020016497939813
1756,-0.10686630202629496,-0.16817430857130472
1757,-0.16144789186690506,-0.1773314102457567
1758,-0.2015440106453025,-0.1926691696869528
1759,-0.06065050211255007,-0.23322941394210672
1760,0.9531339061227218,-0.27871752525460414
1761,-0.0493186992356426,-0.15777890859482394
1762,-0.1193670772179209,-0.23082510681498175
1763,-0.22531366277257472,-0.31802660775664426
1764,5.019202113846093,-0.010517781433455428
1765,8.123621668088456,0.06647324912339642
1766,4.76795252740951,-0.15031221083068474
1767,-0.1718109300309217,-0.13264076920251056
1768,-0.06768459018250322,-0.26140039576543744
1769,-0.05796056607419252,-0.33889332970406527
1770,-0.41437077744360834,-0.3070217396099008
1771,-0.5752157930658272,-0.41066531280552376
1772,-0.7138251081214309,-0.5307085600102572
1773,-0.022282508905422705,-0.25578264150449537
1774,-0.029623866420034707,-0.2591827995144714
1775,-0.03215674417840345,-0.2619521448319365
1776,-0.03237615616767578,-0.26110598084861925
1777,-0.0313140414812939,-0.2577398996164329
1778,-0.027011298898069584,-0.2538079614302574
1779,-0.02402414354049851,-0.24693397091788877
1780,-0.0224617130267197,-0.24252131248422004
1781,-0.022594505799954537,-0.23745161666620238
1782,-0.023133600203017565,-0.2315614625877574
1783,-0.02292178262797509,-0.22957806794204808
1784,-0.02325313316424197,-0.22460485813470601
1785,-0.023837117767087416,-0.2255838261871393
1786,-0.024616257101747988,-0.2255947639621747
1787,-0.02554711196286783,-0.22552013010683572
1788,-0.027515924603339435,-0.22596936688029276
1789,-0.02844564266265473,-0.22709626161382776
1790,-0.029701324850921473,-0.22761956925431476
1791,-0.03184098795170414,-0.22720485708846178
1792,-0.03143879608596028,-0.22507226636097694
1793,-0.03149358909001752,-0.22345550728660532
1794,-0.03005909637269026,-0.22025064676200076
1795,-0.028504462714429503,-0.2212325024939522
1796,-0.027718003975254493,-0.22294491401163746
1797,-0.027649133587887828,-0.22555365709268416
1798,-0.02918505716185764,-0.22846603975503457
1799,-0.02921033412192782,-0.22911522388816596
1800,-0.029552693258786407,-0.23281135984769352
1801,-0.029100316218986136,-0.23442285557515852
1802,-0.032384826536693855,-0.2369776644243651
1803,-0.03216656805940873,-0.23998512127117452
1804,-0.03451436995216743,-0.24321168003223
1805,-0.03300312038861132,-0.24683896805618352
1806,-0.41495515487286466,-0.13716276721215484
1807,-0.05924759587309413,-0.08896197618509931
1808,-0.10723292802097499,-0.50006927136507
1809,-0.17408354789020505,-0.5013022402822883
1810,-0.18630797729880397,-0.4904037044776088
1811,-0.18049598899177247,-0.48557128881919454
1812,-0.1843716932810025,-0.5055253549250311
1813,-0.18469676475299815,-0.546928280801638
1814,-0.1809507211396883,-0.618140950477385
1815,-0.17171021773758707,-0.6540999752971319
1816,-0.10750489142301957,-0.5822861826234996
1817,-0.012650192813830664,-0.4642041996938425
1818,0.1178205874135207,-0.3779620578020182
1819,0.1651168650906407,-0.3231796593891415
1820,0.018324141470874925,-0.10977662862100493
1821,-0.12388965841265057,-0.27946093068356226
1822,-0.19774175950938827,-0.27373912106552756
1823,-0.026457599827554718,-0.2411993473704713
1824,-0.025607382304574898,-0.23561378176964748
1825,-0.028238851028097683,-0.23429666453466177
1826,-0.03003843572527891,-0.22832951739549687
1827,-0.03345156687967251,-0.22621910049423027
1828,-0.03577976402702294,-0.2268168821640666
1829,-0.036909081940020794,-0.22476739572770604
1830,-0.03690439179810608,-0.22130588441646357
1831,-0.0370024663962598,-0.2190030467750945
1832,-0.03819923793460718,-0.21719452301516243
1833,-0.04164491859919257,-0.2147052383521496
1834,-0.04198002382516006,-0.20947212392528747
1835,-0.04306771438898473,-0.20727716982774494
1836,-0.04327711457894468,-0.20628954816245018
1837,-0.044311085875555975,-0.20962419676261987
1838,-0.04164578981582055,-0.21198660841983474
1839,-0.03907146360286264,-0.21576391545002263
1840,-0.03831896103195411,-0.2133094140686998
1841,-0.03609791228401252,-0.21613502430677053
1842,-0.03865772525298602,-0.2154045959730947
1843,-0.04025262438474088,-0.21540365266673883
1844,-0.0420699158188753,-0.21487789007104444
1845,-0.04174423514748276,-0.2141560607036097
1846,-0.04319338179204368,-0.21269394495455268
1847,-0.04333675204063741,-0.21419989775150564
1848,-0.041186104167424804,-0.2131226328292363
1849,-0.03783871627386922,-0.21430415124465277
1850,-0.036901252825047894,-0.21922374575574685
1851,-0.03713031262350785,-0.224196128638118
1852,-0.03625899407682058,-0.23236702215157223
1853,-0.03739893868067451,-0.24018502409005704
1854,-0.037489114765042325,-0.24663084474437258
1855,-0.035877924628267284,-0.25245843113794236
1856,-0.033702064725096605,-0.25779847923099836
1857,-0.02992746193584411,-0.2642882012508087
1858,0.1568251659745484,-0.49055141918293593
1859,-0.011121168332000072,-0.5112494460784357
1860,-0.13411345056616275,-0.20229375213235007
1861,-0.14793394188316383,-0.2044265685878663
1862,-0.3296614418640599,-0.17156381161320683
1863,-0.33837026499062733,-0.14193236027849093
1864,4.155422030487824,-0.11704789776358747
1865,5.159161162708972,-0.1064262526385245
1866,6.017225212367005,-0.11179918686295602
1867,5.90208229093543,-0.12639878101644342
1868,4.935428769058654,-0.15345975598223033
1869,4.094117238271482,-0.19631226268143764
1870,-0.6848848332738904,-0.19777758563175188
1871,-0.14827641009763542,-0.19298826374239159
1872,-0.1780227788817688,-0.22645853182954748
1873,-0.1645147129976368,-0.21068248240682094
1874,-0.03416312566541648,-0.24168224141700215
1875,-0.038334129509634225,-0.2325973904934874
1876,-0.04003953911675167,-0.22339912257618363
1877,-0.04554624022649313,-0.21798350492867422
1878,-0.04741140386469097,-0.2106320382586473
1879,-0.049177442995945606,-0.2009822700960014
1880,-0.05053585095615698,-0.19548877583996221
1881,-0.051475025291985346,-0.19615785210394887
1882,-0.05062933563372499,-0.19732713839767124
1883,-0.053426141646267494,-0.19819165701470437
1884,-0.05623778994454856,-0.19384389427174833
1885,-0.05843715574936956,-0.19193863011907714
1886,-0.056286482758208,-0.19314369289171537
1887,-0.05747746310175704,-0.19247751232885085
1888,-0.058393336795596336,-0.1917107126198226
1889,-0.05797104098342201,-0.19236204449746488
1890,-0.05665917710417272,-0.19304190536870008
1891,-0.056272136620290486,-0.19388742662608657
1892,-0.05370806288898292,-0.19491884338027232
1893,-0.05338045900499433,-0.19502128830846832
1894,-0.0545537293196402,-0.1957644842371255
1895,-0.05401201032681671,-0.1975175673948362
1896,-0.05619412321269699,-0.1982338339878599
1897,-0.05446163542832616,-0.19892745063285575
1898,-0.056366772738832505,-0.19927398871369792
1899,-0.055281115412013984,-0.20069437656324646
1900,-0.053970304336294836,-0.20619048379715574
1901,-0.052933648093734555,-0.20901702950994508
1902,-0.051627275627811775,-0.20776588534624546
1903,-0.050127205707377345,-0.2126927370789219
1904,-0.04892326320502909,-0.21662883016128187
1905,-0.045844534347258506,-0.22291612194213567
1906,-0.04842450829969032,-0.2315451130460956
1907,-0.04489162358482203,-0.23927701140163454
1908,-0.04234238215551182,-0.24488148950870117
1909,-0.043961376335248145,-0.24979933727647033
1910,-0.04452576245088889,-0.251915505705358
1911,-0.04076810583319823,-0.2560939849439804
1912,-0.0365691717682667,-0.25797226995261574
1913,-0.03760273287080167,-0.25910991401032507
1914,-0.039012864679235995,-0.26021543910853456
1915,-0.048834563445441355,-0.2577799490491403
1916,-0.05225835045449968,-0.2546089389252104
1917,-0.06305256444023118,-0.2518714757292497
1918,-0.07546499093539782,-0.2479132602700337
1919,-0.08870168876103082,-0.24531810861637607
1920,-0.09567015500920673,-0.24098900627339162
1921,-0.09115123727424106,-0.23894107995275188
1922,-0.14374776785223972,-0.17616993389960525
1923,-0.06203515165482936,-0.1794004714922362
1924,-0.06833630094129019,-0.2782265041897519
1925,-0.08677623785573489,-0.2095895033207383
1926,-0.4120029495662736,-0.19017981586543387
1927,-0.3111003203320859,-0.17114237381574915
1928,-0.2743471302404764,-0.12642664068333676
1929,0.0544322198669977,-0.08087193920716772
1930,-0.07176500546807389,-0.012947257873020129
1931,-0.12913357348089324,-0.0942760781152839
1932,3.6114356548981568,-0.13518382051983308
1933,4.801989074839849,-0.2349089694524955
1934,0.9907819710932926,-0.2842345475757629
1935,-0.0557627277741536,-0.20705231529561477
1936,-0.11146266014165893,-0.16799796571055498
1937,-0.15943139609036747,-0.18036988656511513
1938,5.203317318989871,-0.08426634265365782
1939,7.989196117035118,0.14476593622523662
1940,4.043109078036601,-0.06807790433040811
1941,-0.053065238860049574,-0.16996649527374058
1942,-0.11984502640499381,-0.29692009841462097
1943,-0.1210358333767127,-0.3456684937470748
1944,-0.4830114220663303,-0.2910029134149366
1945,-0.6597675909550098,-0.2903640181738993
1946,-0.7867322485026913,-0.32090169032911275
1947,-0.02970497972868493,-0.2561095964394369
1948,-0.03373376251028292,-0.25635816821564184
1949,-0.03499212273456623,-0.2579474405929619
1950,-0.035857849061194214,-0.2579554169847254
1951,-0.033118598961049725,-0.25690099084159407
1952,-0.03135169175223963,-0.2564837653614676
1953,-0.02889140077214806,-0.25599722377333023
1954,-0.027812782080097423,-0.2551851449452235
1955,-0.027682706335151994,-0.2547787754924764
1956,-0.029620104236441572,-0.2554829194733746
1957,-0.030594742487197388,-0.25633805074265326
1958,-0.030897032539591862,-0.2569280253891976
1959,-0.03249747100231922,-0.25787560181117813
1960,-0.032744126483732906,-0.25827172236520035
1961,-0.03343910654933344,-0.2587263076999759
1962,-0.03458902617142626,-0.25921310863781916
1963,-0.034861982292180245,-0.25906996260255744
1964,-0.03551874594504463,-0.2582989799730316
1965,-0.0354774876771833,-0.2577008580973263
1966,-0.03467900794390161,-0.2567950874161805
1967,-0.03558180374750777,-0.256365960895431
1968,-0.0349410335443328,-0.2564624022269747
1969,-0.03539787230057237,-0.2565850258300072
1970,-0.0352462101756643,-0.25494744982178225
1971,-0.033012324037165676,-0.2537658716503983
1972,-0.03285231175350549,-0.25298174062955325
1973,-0.033435108042145764,-0.2525138854970564
1974,-0.032934799295656285,-0.25201416178458097
1975,-0.034230491321573284,-0.2519071649160392
1976,-0.03430466477574545,-0.25482868977666534
1977,-0.03242630830919748,-0.2555211125730888
1978,-0.03089638090529189,-0.25941870513518833
1979,-0.03737020777620391,-0.26574623015148263
1980,-0.1181320880342433,-0.2751165501388091
1981,-0.18891902877632913,-0.28486704840416993
1982,-0.1994481108745117,-0.29937731170544096
1983,-0.1910698393574897,-0.3138337767874996
1984,-0.18728353640999656,-0.33101210920396107
1985,-0.1769517746986052,-0.3591004441310249
1986,-0.17140122860238155,-0.4151154025364972
1987,-0.17169243432647546,-0.5199852938011434
1988,-0.17416628340802598,-0.6387366697977519
1989,-0.16657018038469795,-0.676389288593402
1990,-0.11789988386816079,-0.4782055098660386
1991,-0.06093627641880856,-0.3468127111589053
1992,-0.026376456617437483,-0.27536976098529753
1993,-0.023880696970038036,-0.2806591155543867
1994,-0.020952459099485184,-0.26787560905013214
1995,-0.21296388290034632,-0.25268548318532674
1996,-0.027129286085510053,-0.25097309813297436
1997,-0.028190013686315806,-0.2529545517262051
1998,-0.030343536718160095,-0.2548726515277168
1999,-0.030837182191852625,-0.2566675437081589
2000,-0.03372783856188268,-0.2584677898961947
2001,-0.036225514823504855,-0.2595391191417935
2002,-0.038738758305404214,-0.2601669041451048
2003,-0.03931820372939517,-0.26065631737283124
2004,-0.03983394069944303,-0.2610030258726935
2005,-0.040864292239575106,-0.2619068567709016
2006,-0.04237572486972559,-0.26207847175627746
2007,-0.04386241234319802,-0.26187465559791584
2008,-0.04368063494291321,-0.2617640456082978
2009,-0.044327698294849324,-0.2617335346166034
2010,-0.04451821570752137,-0.2622738950410509
2011,-0.04542313257152669,-0.262586518469436
2012,-0.04544411450153872,-0.2625280023084228
2013,-0.045516470012936135,-0.26244872901917926
2014,-0.04610933629757211,-0.26250032742902146
2015,-0.04546590301706115,-0.2616437685593843
2016,-0.044257532336313306,-0.2617186352241783
2017,-0.041821969808282775,-0.26189348789537753
2018,-0.041849265431689084,-0.26180524962144397
2019,-0.0401656370388742,-0.26123935452165487
2020,-0.03887333029485558,-0.26001557253113877
2021,-0.038156796250384734,-0.2593294937736495
2022,-0.03730302243764691,-0.2592632922175156
2023,-0.03663701400564624,-0.2596562364335953
2024,-0.03698063290669484,-0.25725238912250725
2025,-0.03838767908603844,-0.2550595283511165
2026,-0.03749986037017338,-0.2544228976310637
2027,-0.036053343456691096,-0.25492577272910993
2028,-0.035326056188197986,-0.25624197146632655
2029,-0.03302448015125433,-0.25848261752560475
2030,-0.03150536240014559,-0.2630612487941265
2031,0.014920526867743708,-0.30593141280368974
2032,-0.034010648743467195,-0.35343821915470985
2033,-0.12977705647780238,-0.18635506643806987
2034,-0.13602308632529508,-0.2043015347884233
2035,-0.12318184789040469,-0.1929932168725264
2036,-0.23643144486360274,-0.18377808122991238
2037,-0.30969535742625476,-0.17460651828063387
2038,3.6707548052404775,-0.15822503570158541
2039,4.526438136510676,-0.15198830998408683
2040,4.718779653458676,-0.1600911580099519
2041,4.494734679867426,-0.17263428369063671
2042,4.005415526571616,-0.1852088399937132
2043,-0.6523437316546906,-0.25129731062022287
2044,-0.15487343963402433,-0.28741598765895265
2045,-0.16570963836211725,-0.22946150694766237
2046,-0.16703353339087731,-0.20424888347172626
2047,-0.17129487218488584,-0.1812529954623957
2048,-0.03687791303416179,-0.27493995349820144
2049,-0.03932175092669883,-0.2755850863082118
2050,-0.041397587457609034,-0.2759503428438553
2051,-0.043940011871460564,-0.27536645077204025
2052,-0.04379300314688976,-0.27476297107452413
2053,-0.045842307787201934,-0.2738724818769329
2054,-0.045361502959476926,-0.27316365336703313
2055,-0.047182348370383285,-0.2724694463730321
2056,-0.046527416479765424,-0.27205875683281755
2057,-0.04774491038051448,-0.27131950418943557
2058,-0.04756962165608573,-0.27172443338052793
2059,-0.048026191756615655,-0.27164103212192986
2060,-0.0485628826159873,-0.2721439105022896
2061,-0.04943063626004959,-0.27217084244965517
2062,-0.05043076685163457,-0.27258771716832664
2063,-0.052197463133406036,-0.27298579630821923
2064,-0.05313374895256919,-0.27244711926969417
2065,-0.05419154618544572,-0.27145836906467935
2066,-0.05321414364014496,-0.2700027911963621
2067,-0.05199312703604364,-0.2685749745549174
2068,-0.04944164531123944,-0.26726978176203325
2069,-0.0497148505262403,-0.2668652004570844
2070,-0.04984314968513434,-0.26715720523458397
2071,-0.049049476014532585,-0.2663258074373672
2072,-0.049064968030806615,-0.26676721790213975
2073,-0.04831298647096858,-0.26635023891027987
2074,-0.046965168028034604,-0.26572126008657876
2075,-0.045298009993351054,-0.2650577198030137
2076,-0.04130091593537497,-0.2641804782331728
2077,-0.040948116944808,-0.26306920603188055
2078,-0.04148643962767924,-0.2604564335171443
2079,-0.04017958675702935,-0.2584345958979132
2080,-0.03825032794390283,-0.25769503959203577
2081,-0.03932432747444417,-0.257088451769878
2082,-0.03785857538639255,-0.2564301226720102
2083,-0.03757283673033341,-0.2568610989063234
2084,-0.03610947140144259,-0.25710408959503533
2085,-0.03575434592969285,-0.2576588254498429
2086,-0.03422934492631868,-0.2586763021722994
2087,-0.033712218618655025,-0.25910991401032507
2088,-0.03813029781222265,-0.2600941855803121
2089,-0.045072850590259055,-0.25840054343973184
2090,-0.04898224470697041,-0.2563193440636465
2091,-0.05884218399292676,-0.2515109492942542
2092,-0.0738486488272436,-0.24814253816818382
2093,-0.08163027883059548,-0.2467349295289826
2094,-0.08850134233170784,-0.2431260549791241
2095,-0.088747660919683,-0.24104018048381082
2096,-0.07930007363265588,-0.23875775227385304
2097,-0.2070666649739997,-0.18034661388748469
2098,-0.15043451310551612,-0.13062245995441418
2099,-0.28678078605249196,-0.18313562647693699
2100,-0.40094889431384506,-0.19279535078186855
2101,-0.28513001540141314,-0.16982444526763424
2102,-0.24116151580994835,-0.12278379390028399
2103,0.07694658274454934,-0.06645070255304393
2104,-0.06006972372157775,-0.10990714713024417
2105,-0.094567628060228,0.06492468433452095
2106,3.5515703390977915,-0.04475478661035503
2107,4.7977401140944735,-0.22816187494164045
2108,0.9535973184471636,-0.2881119709701084
2109,-0.05844601432943022,-0.1985391101149005
2110,-0.11691900861036665,-0.16062063023468756
2111,-0.14983017230342327,-0.18767632043253363
2112,5.2874907920845535,-0.17692856115057212
2113,7.9577506325318845,0.03851513619162373
2114,3.6381855535770073,0.020498512555192257
2115,-0.052333559532447206,-0.1964179698393627
2116,-0.13329528377820815,-0.3014600906098393
2117,-0.17386860617485705,-0.35513568013369273
2118,-0.342158485077644,-0.27244115416740194
2119,-0.6577857014227612,-0.2905380308550349
2120,-0.7930516709581197,-0.3410531281854929
2121,-0.026322491037252482,-0.2560188203003351
2122,-0.02859098787666404,-0.2572054691711926
2123,-0.030693812311874524,-0.2569100143026307
2124,-0.0289681960816742,-0.25679802951458985
2125,-0.02780034617604125,-0.25654234550334526
2126,-0.02581125478902264,-0.25623487871736006
2127,-0.02510949737327418,-0.2559353601724921
2128,-0.025084065967487655,-0.2559952391109461
2129,-0.02726241434326776,-0.25522959499093495
2130,-0.029373536008564075,-0.25585512299743596
2131,-0.03141329053210158,-0.2562564858428948
2132,-0.0319122791902649,-0.2571850275309505
2133,-0.03262592432959251,-0.2579411993942304
2134,-0.03286943988805732,-0.25863919277388464
2135,-0.0335066542088559,-0.25891320836204806
2136,-0.03467781165108548,-0.2590085631131141
2137,-0.03541533902793568,-0.2590214135925407
2138,-0.035218333260190034,-0.25812186640154844
2139,-0.034812444772398796,-0.25774625483012986
2140,-0.034728892713502976,-0.2577483358896739
2141,-0.034870761244271055,-0.2582849279278592
2142,-0.034944605705243575,-0.25749471045940836
2143,-0.0337780675742141,-0.25649946209400765
2144,-0.033116847611758905,-0.2553402406875686
2145,-0.033488608801338804,-0.2529772366789835
2146,-0.03253653416937696,-0.25337033296329825
2147,-0.030846047108855797,-0.25203350809140257
2148,-0.029715390227879196,-0.24932895995611065
2149,-0.02931552793539819,-0.24720669286631353
2150,-0.029069864199931413,-0.24591493513481721
2151,-0.03010224246362186,-0.2456456535456991
2152,-0.030040845295176196,-0.24199316837787357
2153,-0.028316887656446663,-0.23849764405857504
2154,5.063127226147341,-0.18197767895417274
2155,5.17005575165102,-0.17175512795869544
2156,4.792593956163666,-0.16531381277171325
2157,-0.45800472037268763,-0.1654120594675663
2158,-0.2059497706775541,-0.16666224015524772
2159,-0.2085464853218893,-0.3967546768163718
2160,-0.21813889257343966,-0.483215286636229
2161,-0.20846482291111737,-0.5864497083308085
2162,-0.18984861599536831,-0.7504298494039233
2163,-0.16395191379688165,-0.9463567636120367
2164,-0.14162543553962087,-0.87852385664518
2165,-0.09908110938924555,-0.5075030902375487
2166,-0.09419090584619706,-0.2600706966185009
2167,-0.07516338376893673,-0.25393249849495336
2168,-0.1714724463358981,-0.23399387809569847
2169,-0.025960941969105887,-0.24560718353167657
2170,-0.02792578751630758,-0.24691885129204827
2171,-0.030366877260072894,-0.2495806828747424
2172,-0.03378122517221763,-0.2530760103951292
2173,-0.0365000544747306,-0.25603112507488895
2174,-0.03945644867596378,-0.25757171239908916
2175,-0.04139210743700571,-0.258460975737403
2176,-0.041868165026736244,-0.26036303563234003
2177,-0.044763742835878806,-0.26111781438063847
2178,-0.0444832266371325,-0.26127224022368434
2179,-0.0452956091938421,-0.26318816125143685
2180,-0.047178301720519754,-0.26359488871972503
2181,-0.04727849112575109,-0.26440559006214703
2182,-0.04684135219663803,-0.2646541280858639
2183,-0.04730222347294235,-0.2647280466405938
2184,-0.048108695231608684,-0.2642681065365181
2185,-0.04735301946133449,-0.26342967734253936
2186,-0.04680901971127245,-0.26338871618980253
2187,-0.047145790820697885,-0.2629119514784752
2188,-0.04796886122001161,-0.26199856304823305
2189,-0.048270608460912724,-0.26173286420885133
2190,-0.047309778096228945,-0.26087627702642335
2191,-0.04768900929108732,-0.26160561386134906
2192,-0.0483268266217206,-0.261929431161308
2193,-0.04691466808729937,-0.2611805886828858
2194,-0.04493928506227802,-0.26106097569365555
2195,-0.041090983622850574,-0.2596112435785494
2196,-0.04092110602921824,-0.2591971171297875
2197,-0.03893738167064566,-0.2588154718325828
2198,-0.03974249997209311,-0.2569659614035958
2199,-0.03927600291579489,-0.25442767963329754
2200,-0.03947819569422776,-0.25312664377215083
2201,-0.03923602837851363,-0.25098551642742617
2202,-0.03731848276959528,-0.25028296031902975
2203,-0.03727231946637624,-0.24975552101797477
2204,4.067795751400205,-0.17030448390075634
2205,-0.6292034196405232,-0.18210986088390047
2206,-0.8340831855753444,-0.28056441753532674
2207,-0.07631364137502437,-0.44013990273753084
2208,-0.15162355979983785,-0.5394298795748205
2209,-0.14877487412609394,-0.5915387447059078
2210,-0.15152781662103731,-0.3891819662979503
2211,-0.41573826005893044,-0.10780670796962197
2212,-0.5970948610145943,-0.17480982258107827
2213,-0.5476091921625575,-0.31139384877460236
2214,-0.5676352949615856,-0.2911410379446033
2215,-0.6864872914644837,-0.26973405855837945
2216,-0.15199423087519123,-0.2639346119268371
2217,-0.15749869745890474,-0.2737570845114266
2218,-0.16375787706186098,-0.21413351306502032
2219,-0.16128313475322015,-0.17884482269940782
2220,-0.14757795648405603,-0.15224856930728975
2221,-0.029327694752796802,-0.12917446657643034
2222,-0.04023404949029492,-0.27652411078256683
2223,-0.03989695415032904,-0.27826687780529413
2224,-0.04276802144107454,-0.2775508137664305
2225,-0.0448219428323404,-0.27695199681055005
2226,-0.04630432492485694,-0.2757551612448393
2227,-0.048607810220812696,-0.27566732779113406
2228,-0.04690815172121548,-0.2755567116298818
2229,-0.04919970171405532,-0.27480337691708073
2230,-0.05112556924929683,-0.2744414550119115
2231,-0.05145627929131308,-0.2736981642576032
2232,-0.05380114163089236,-0.27296861967863195
2233,-0.055297887921173634,-0.2744001490727496
2234,-0.05809929750014771,-0.2738326885485023
2235,-0.058718990645328595,-0.2738654305582047
2236,-0.060398610369833815,-0.2731156513128421
2237,-0.06071891865139796,-0.2726308100603408
2238,-0.05956001538061366,-0.27178151798257266
2239,-0.05919256365137564,-0.27163622379610414
2240,-0.057492842949969834,-0.2714453860222402
2241,-0.055607731980110466,-0.2703699240809747
2242,-0.05376981294298346,-0.26792442685487683
2243,-0.05008069979429456,-0.2671510065632786
2244,-0.05114105801184749,-0.2666523912677644
2245,-0.05079772631017598,-0.267461636717712
2246,-0.05227033487136813,-0.2675115192539525
2247,-0.05212014659010468,-0.26719402325245234
2248,-0.05102536302142792,-0.2675395104432402
2249,-0.04891984051336369,-0.2669481732096415
2250,-0.04699432111799386,-0.2649938994729569
2251,-0.04420697448352881,-0.26350861245006246
2252,-0.04394251456391866,-0.2608297886594227
2253,-0.04053986194321685,-0.25944271129500784
2254,-0.04004394267166787,-0.25818858432127917
2255,-0.037746983758226035,-0.25800384202042964
2256,-0.03650469430256029,-0.25765401338878996
2257,-0.03656692770786569,-0.25751152900271207
2258,-0.03615669038024814,-0.25734065254041166
2259,-0.03549226222960905,-0.2572951059869708
2260,-0.0349375959270431,-0.2586105799646278
2261,-0.033712218618655025,-0.25910991401032507
2262,-0.03756300816023076,-0.26072731253598963
2263,-0.04319482883912429,-0.25946754959687807
2264,-0.04786982092820298,-0.2568170933969189
2265,-0.05242239126813963,-0.2529044599416442
2266,-0.06592717909091167,-0.2514342325442971
2267,-0.07176042159166923,-0.2471969736735438
2268,-0.07795270244481223,-0.24530452152149157
2269,-0.07822775619051847,-0.24244982620648134
2270,-0.06999508524018865,-0.2421726850834561
2271,-0.2149653292496864,-0.1759620987995112
2272,-0.16919869404311652,-0.11519077369655564
2273,-0.2566616853920336,-0.15496493734660396
2274,-0.385596059008386,-0.20232236951373575
2275,-0.2926668359249448,-0.17976860815289677
2276,-0.22017692062076397,-0.1327088775566299
2277,0.05765574050256017,-0.072166735021335
2278,-0.06565864309761442,-0.14731127140464687
2279,-0.059296918013604163,0.09802483783384285
2280,-0.13843250572798588,0.03939488543507259
2281,4.706393154455264,-0.21615866870266778
2282,0.9208043846699075,-0.2881849809588476
2283,-0.05730323080922988,-0.11392293886718796
2284,-0.12138580796185099,-0.14892414202915277
2285,-0.1567148943815637,-0.1748345699229908
2286,5.253547142283029,-0.19103525505632987
2287,7.498422558720906,-0.09224806590335642
2288,-0.13556216071922228,-0.12438193122950553
2289,-0.067699446247916,-0.21616881120575113
2290,-0.14378612946287553,-0.3209165430473289
2291,-0.14430722984032807,-0.32876552900387
2292,-0.60567186039461,-0.2741659173107616
2293,-0.7955594799530002,-0.3070493200995711
2294,-0.901084282048664,-0.35788668631141674
2295,-0.012993970199941888,-0.2555479323727999
2296,-0.01979658227714342,-0.2552406272640429
2297,-0.02269592176216074,-0.2558606191404971
2298,-0.02434811844548715,-0.255827052820766
2299,-0.02458741841236625,-0.2558533417337867
2300,-0.02526094129138989,-0.25568033842880095
2301,-0.024950015108995152,-0.2557425369943828
2302,-0.025455528691380735,-0.25557052601626834
2303,-0.027940757069976598,-0.2549031206030855
2304,-0.030868138747251063,-0.2558294680877548
2305,-0.0313420351354738,-0.2559250589214095
2306,-0.03240683554655064,-0.25737298254257507
2307,-0.033096265060060664,-0.25813972632764676
2308,-0.03342101352330007,-0.2588281076118702
2309,-0.03530400798507996,-0.25889865092842734
2310,-0.035419644331645184,-0.25896475664442425
2311,-0.0361486716515273,-0.25846161311816396
2312,-0.03521037458881809,-0.2586057769196152
2313,-0.03478862374696494,-0.25840999417836874
2314,-0.03417449899516578,-0.2584108667640046
2315,-0.034329371006632636,-0.25809723645642324
2316,-0.03524319417711184,-0.25753067328785095
2317,-0.034412195462789064,-0.2566676031826615
2318,-0.03280659717295946,-0.25482303212290847
2319,-0.0314047827134308,-0.2545932365568555
2320,-0.029557404953625334,-0.2521290578223601
2321,-0.027245337861458264,-0.25129359668943674
2322,-0.028394165366142386,-0.25016532143323517
2323,-0.02689203877214095,-0.24835252612088698
2324,-0.0274797123659993,-0.24506101503842143
2325,-0.02655502077633796,-0.24164184649815698
2326,-0.024902852342690115,-0.23592985122713525
2327,5.023103723904774,-0.17090562307726453
2328,5.291679455147164,-0.16183852632826654
2329,5.972174558969604,-0.15474458998717192
2330,6.029810986117584,-0.15376401240976273
2331,4.094414323127292,-0.1567870409726087
2332,-0.03358471244890023,-0.16572762337518734
2333,-0.20718979471865218,-0.17110467482028419
2334,-0.2329702496713557,-0.46756921372188104
2335,-0.17638975402473014,-0.5915238042930284
2336,-0.16075223380978299,-0.7609840531043599
2337,-0.16548052232377136,-0.8768296419381723
2338,-0.16322178892597208,-0.6092508280173331
2339,-0.10128330094527042,-0.2426575409037894
2340,-0.12048752017348553,-0.2507799619653489
2341,-0.15936234608312672,-0.24041804992481994
2342,-0.036955025902862586,-0.2256973238562754
2343,-0.02991272082026569,-0.24556185080346993
2344,-0.03276259027549382,-0.24749026599577295
2345,-0.03789990180518648,-0.24983304110263588
2346,-0.0391132301910475,-0.251086838345124
2347,-0.04183462005373686,-0.2536141169621693
2348,-0.044270516759572685,-0.2562096284278007
2349,-0.04573639792744356,-0.25873912135304333
2350,-0.045681789610257026,-0.2600185333100566
2351,-0.04774951205624202,-0.26049001106217384
2352,-0.04912242634874825,-0.2612993627538214
2353,-0.04938837501650903,-0.2624682920976772
2354,-0.04869015622425035,-0.2619758103516228
2355,-0.04707687283821019,-0.262329665978285
2356,-0.04678562450782776,-0.2624690552839706
2357,-0.046492783783875814,-0.26282590490018715
2358,-0.04700810903936602,-0.262487961684882
2359,-0.04767752991137204,-0.2622244396955043
2360,-0.04774945112894607,-0.2613639022760034
2361,-0.04856355622730926,-0.2606288756004472
2362,-0.04959468208906137,-0.2607573733451282
2363,-0.05036847556459747,-0.2605619852350143
2364,-0.04982698355409611,-0.2601161068648081
2365,-0.04879552895649867,-0.2604288957364581
2366,-0.04840642794256467,-0.26074968835243184
2367,-0.04812229086245146,-0.26034911203581335
2368,-0.04844450358901829,-0.25992009428286295
2369,-0.04373952824235445,-0.2593528873643773
2370,-0.04236996379638114,-0.2589369404770031
2371,-0.04147507064831878,-0.25850003547491207
2372,-0.041085665576216145,-0.2560760558795729
2373,-0.040161685426318906,-0.2534727744241512
2374,-0.038962162760512536,-0.2527664804266834
2375,-0.03930830309896849,-0.2515424716494976
2376,-0.03723271091029245,-0.25136356603069815
2377,-0.036952670117762806,-0.2507378339448031
2378,4.125370339922834,-0.16815165579427346
2379,-0.5572607669332115,-0.17683745476796248
2380,-0.8784115592959668,-0.18707123642637927
2381,-0.05563200942403444,-0.21012429577608532
2382,-0.11603429479044514,-0.448968332697171
2383,-0.14174566899314467,-0.6819474926584863
2384,-0.15483953517409257,-0.646724370489319
2385,-0.06497957839350356,-0.2650693661375238
2386,-0.6187512415506689,-0.2277602276535199
2387,-0.6697658952185778,-0.25374149675357477
2388,-0.028508398681072813,-0.2354952732797576
2389,-0.19062086448229068,-0.3092928012146041
2390,-0.16055641271915208,-0.28722696644262874
2391,-0.17641307924949629,-0.26176683919472093
2392,-0.16898835562826173,-0.21245560716267584
2393,-0.15561192688459344,-0.17578947581043092
2394,-0.040406515917875,-0.2709292367878942
2395,-0.041251084773162576,-0.27246071621582163
2396,-0.042447227659453475,-0.27384138381874196
2397,-0.04535371835884326,-0.27405608182926705
2398,-0.048858870733464316,-0.27417426610388523
2399,-0.050583464892468295,-0.2733095892945067
2400,-0.052784019580834465,-0.2734923380734634
2401,-0.05400243481474391,-0.27309967937155705
2402,-0.05358277043151095,-0.2724605530323771
2403,-0.053333397793017906,-0.2715926575452351
2404,-0.054769320295707524,-0.27143373055059633
2405,-0.05689933963861072,-0.2717171882361403
2406,-0.05860523853072582,-0.2725726468356563
2407,-0.06122235155836786,-0.27314236097766165
2408,-0.06163301914476007,-0.2724359497512
2409,-0.06369042798875608,-0.27210969855803707
2410,-0.06428804737141651,-0.2719647984516126
2411,-0.06447734905681457,-0.27200246484013957
2412,-0.0651086599717741,-0.27172224796727157
2413,-0.06463829253324785,-0.27045075536538904
2414,-0.062173606077787665,-0.2690156920934956
2415,-0.059369800439273764,-0.268867818910395
2416,-0.05801189030153981,-0.26836291652039845
2417,-0.053270439487632514,-0.2663580565209054
2418,-0.053309713656639376,-0.2657291751058875
2419,-0.052764753273249664,-0.265616648456348
2420,-0.05301290434268985,-0.2661899998235139
2421,-0.05162381485441445,-0.26645072573323564
2422,-0.04931336248644516,-0.26655979832951693
2423,-0.04663001996464206,-0.26654942326673103
2424,-0.04544625559961442,-0.2641769558317689
2425,-0.04542122811539828,-0.2632678807204443
2426,-0.041502170345884326,-0.2598919238160596
2427,-0.04128162366906798,-0.2594174840365541
2428,-0.03863074016324239,-0.25912484084180476
2429,-0.03682701468613821,-0.2581994240286557
2430,-0.03546618589747926,-0.2576187368340645
2431,-0.034394947071280386,-0.2575124365133761
2432,-0.035106461502745386,-0.2573306556337141
2433,-0.0349573099664443,-0.25763571836421967
2434,-0.0331205539816613,-0.25868176758640105
2435,-0.033712218618655025,-0.25910991401032507
2436,-0.03644749194542807,-0.2610201174627386
2437,-0.04219219937719429,-0.2592327936038905
2438,-0.044997328396921006,-0.25780572795670137
2439,-0.04834271464113612,-0.25513004370554043
2440,-0.05554440157664583,-0.2513891641512037
2441,-0.06713527291551798,-0.24955519315638638
2442,-0.06686219071982945,-0.24530357238259226
2443,-0.06903437037473463,-0.24364243070138228
2444,-0.06712745714774913,-0.2423219978663124
2445,-0.1503930152160737,-0.18566430946717158
2446,-0.19064186211734296,-0.18990022563118145
2447,-0.34929329900287615,-0.1917204858285613
2448,-0.25729963614941903,-0.18626890942599444
2449,3.5072268716133497,-0.14742235857010336
2450,-0.041443660708501744,-0.0918981039598778
2451,0.1586464625913064,-0.028378920278950646
2452,-0.03244263560487543,-0.14274882037303044
2453,-0.010362003215698839,-0.03688004877417268
2454,3.7127157356707015,0.07127249657238437
2455,5.080740383823095,-0.15590112510209453
2456,0.9353903141785328,-0.2710889272838523
2457,-0.04712656370552464,-0.017459486587681133
2458,-0.10720251661091017,-0.12882442386340343
2459,3.023065905410061,-0.1504960959515372
2460,6.149002385584278,-0.18777227218104567
2461,8.226055574930655,-0.1285893996553827
2462,3.0119356649437146,-0.18148795998822642
2463,-0.05826798921847051,-0.04689712394288823
2464,-0.14454212341874811,-0.30827926033262837
2465,-0.19227071989810265,-0.36532248768186804
2466,-0.19695314357428434,-0.3374260051639386
2467,-0.5846462612011761,-0.3211332965779279
2468,-0.7803105118799393,-0.38571522833130945
2469,-0.02773283598894543,-0.2564968400025408
2470,-0.02810236370451197,-0.2572301921213349
2471,-0.028375512832948705,-0.2574457210505646
2472,-0.027707495883787008,-0.25712487045756305
2473,-0.026838794609182603,-0.25717954481916916
2474,-0.025507374435217205,-0.2565096573398949
2475,-0.02566716728298811,-0.2557206715049954
2476,-0.026996581343029492,-0.2556660450295647
2477,-0.02873317576293435,-0.2555436875216052
2478,-0.03152657958582856,-0.25662154562297657
2479,-0.031556736971552056,-0.2561098248841215
2480,-0.0320802559864203,-0.25782281604591595
2481,-0.033210579320342534,-0.2583699917439149
2482,-0.03340345363057944,-0.25884899183321797
2483,-0.03523348893383482,-0.25909882693422986
2484,-0.03501754665657173,-0.25888616717665436
2485,-0.035505686624145334,-0.25872535451280154
2486,-0.034495433196793025,-0.25863796828464103
2487,-0.034447024366767026,-0.25879348133522667
2488,-0.03353234860320126,-0.259271734789912
2489,-0.03375314894910371,-0.25906462065495184
2490,-0.03401863877845359,-0.25849571242958097
2491,-0.03278580237081115,-0.25763425477907365
2492,-0.03249994653126005,-0.25585087607787155
2493,-0.03018305595031344,-0.2546874133546261
2494,-0.02818876088131217,-0.25370251263304633
2495,-0.026998437474908613,-0.2518883936788113
2496,-0.027021823261397803,-0.24925782614248665
2497,-0.024269427068103946,-0.24759427439850762
2498,-0.024989002143708108,-0.24432719318882937
2499,-0.02285186496134338,-0.24009465586343212
2500,-0.022752290125364293,-0.23818704924456358
2501,5.2136424441813825,-0.15095163812931858
2502,5.9680338025877715,-0.15258017179729488
2503,6.090164522215514,-0.1549459018191739
2504,6.031839088333722,-0.15305893574654253
2505,4.549345284448787,-0.1589804139755373
2506,-0.43014948148955723,-0.16567768641522126
2507,-0.2004151439173028,-0.1741344112372567
2508,-0.20300748048375503,-0.4518912966429764
2509,-0.15941507554752415,-0.5871570422796903
2510,-0.15497548311400514,-0.7339410782488551
2511,-0.15416769172300324,-0.3698963925411802
2512,-0.15305722609395053,-0.22792276565435152
2513,-0.039864793619161995,-0.2279743499341484
2514,-0.1524035052855598,-0.22983663838047322
2515,-0.04828021051788051,-0.2228324006340422
2516,-0.0309740760421779,-0.24344787524382133
2517,-0.034184147912017564,-0.2461859764554618
2518,-0.03684048779012378,-0.24744039766758882
2519,-0.03914235187185986,-0.24959486858720253
2520,-0.04281425401093578,-0.2521296643465413
2521,-0.04343850522768294,-0.2540816860412134
2522,-0.044388112734664226,-0.2558877153957848
2523,-0.04669873395497678,-0.2580239700198756
2524,-0.04678591829719074,-0.25923027660356734
2525,-0.04830976666905772,-0.26026386526587947
2526,-0.0502014952393007,-0.2611483413154948
2527,-0.04996903585105613,-0.26152426307645743
2528,-0.04818651208772609,-0.26182439973716964
2529,-0.049728295300203895,-0.26183529098044567
2530,-0.04929485438284615,-0.2619206058702835
2531,-0.04873587227698936,-0.2625160534728384
2532,-0.048177663106748425,-0.26248077270589076
2533,-0.048000055382342935,-0.26208870041653975
2534,-0.04749893848975423,-0.2613830459025595
2535,-0.04964047810276988,-0.26074787915506653
2536,-0.04943295772843784,-0.260275132985406
2537,-0.0505170456945962,-0.26006930234398784
2538,-0.05034132537281407,-0.2596650114096838
2539,-0.04922410675118439,-0.2607950339477604
2540,-0.04834398581213747,-0.2609696375310411
2541,-0.048209645734651786,-0.2603376114684382
2542,-0.049071526952844884,-0.25956484390636564
2543,-0.04725747944332138,-0.2592936892105316
2544,-0.04382838274041011,-0.2588309710855816
2545,-0.043278954331460506,-0.25698222406203186
2546,-0.04275725029460895,-0.25436785455892025
2547,-0.04219458066843904,-0.25212057627594153
2548,-0.040322665276478716,-0.2513664295448106
2549,-0.03970886998269154,-0.2497654441396525
2550,-0.03744657099896141,-0.2466155378813753
2551,4.785061611294472,-0.15832830255976096
2552,4.709510841435019,-0.163445735546167
2553,4.4069432750342665,-0.1740459870739996
2554,-0.4792046571292626,-0.18009883880210922
2555,-0.8172909135625188,-0.19216985148859078
2556,-0.04269440159286462,-0.1859354970302081
2557,-0.1309677586953667,-0.3467957525957184
2558,-0.15328854835789968,-0.3933794232398155
2559,-0.1510857759146871,-0.3103593141868541
2560,-0.06017328295995006,-0.2587024844224161
2561,-0.07600294526873913,-0.1498379353701235
2562,-0.2094793463957673,-0.2627765266076579
2563,-0.1691712852181448,-0.2669112396801551
2564,-0.18236384722055268,-0.24207271002093111
2565,-0.17404607254931947,-0.19788477326054327
2566,-0.16042623302590042,-0.17020669948772335
2567,-0.036374742903786755,-0.268092486634571
2568,-0.04199295652723064,-0.26844857659808347
2569,-0.04383696222417952,-0.2707549025600613
2570,-0.04522713434749855,-0.2720435337951895
2571,-0.04901885821050787,-0.2723428301938127
2572,-0.04858280560342941,-0.27159476942123895
2573,-0.05143748810857141,-0.2714992448519275
2574,-0.052559218063877394,-0.2730858376133789
2575,-0.05531619448462004,-0.27351240571580987
2576,-0.05647609118090575,-0.2733946511476205
2577,-0.05639870029863214,-0.27273502464314203
2578,-0.05883848506389725,-0.27248278037257223
2579,-0.06110346340312488,-0.27150442539821784
2580,-0.061664848062854646,-0.271168627633587
2581,-0.06244665510745863,-0.2707066060982102
2582,-0.06294974065323254,-0.27077799965866567
2583,-0.06196117767292591,-0.27038305557823483
2584,-0.06224503031930414,-0.27001774522700006
2585,-0.06310202236042008,-0.26887307338162275
2586,-0.06237759483705461,-0.26700474140696556
2587,-0.05937982165875383,-0.26676678496516437
2588,-0.05655358101689641,-0.2670970169022654
2589,-0.05466206950241654,-0.2666447213922004
2590,-0.05379268473158596,-0.2652783293612725
2591,-0.052193457193385424,-0.26446581994358637
2592,-0.05142408872422228,-0.26537648786558965
2593,-0.05163569413400678,-0.2656348223183749
2594,-0.052027165327783245,-0.266082716512483
2595,-0.052048523539372615,-0.2663078153772101
2596,-0.04926607249265445,-0.2655817122983697
2597,-0.04653325740266266,-0.26437135740157086
2598,-0.04557215007856039,-0.26313701678240636
2599,-0.045668004427042413,-0.2601433529716152
2600,-0.04110173390607746,-0.26034729511079935
2601,-0.040871304532733466,-0.25942587971623754
2602,-0.04007319782927326,-0.258873626904583
2603,-0.03691936011822981,-0.2585866452897602
2604,-0.03457563952899153,-0.2575416356612553
2605,-0.03476013402993357,-0.25800224455294624
2606,-0.03604228095847488,-0.2573463671376725
2607,-0.034285997453957315,-0.2583436539503281
2608,-0.03387180051211737,-0.2589806512735937
2609,-0.033712218618655025,-0.25910991401032507
2610,-0.03575266268163948,-0.2605873801507124
2611,-0.04046646627109962,-0.2606182695984884
2612,-0.04270094148468332,-0.25869528442755885
2613,-0.044673079030629614,-0.2557768918024162
2614,-0.052597254023224,-0.25250253993527805
2615,-0.05913234881512675,-0.2512701312870702
2616,-0.06488063208109539,-0.2474092299568115
2617,-0.06696116639529583,-0.24455448296320634
2618,-0.46020162341436577,-0.18696711071384328
2619,-0.33861088726548466,-0.18687120069803764
2620,-0.3378127278562649,-0.18736851172852667
2621,-0.32883996957919004,-0.19274175172575855
2622,3.450070757466355,-0.1774626743625164
2623,4.85759641339974,-0.12286469559039388
2624,2.9700287428213996,-0.05408900232439126
2625,0.2528775486524748,0.019563445411898195
2626,0.008626111543297905,-0.1337941588805942
2627,0.036204039002207866,-0.08313954223617508
2628,4.244206479185068,-0.03999289722605608
2629,6.118856865028429,-0.0076117349184093
2630,0.9506209724424006,-0.2531896261494923
2631,-0.03535938317536922,-0.05155465946467098
2632,-0.08616045051526411,-0.1011990276586204
2633,3.925917833305178,-0.12910843138214126
2634,6.545713477390848,-0.16832131144128615
2635,8.913780156493106,-0.10218349722430052
2636,3.5224141521313133,-0.17066403170420322
2637,-0.03838643881856366,-0.2152476569508401
2638,-0.14059883849281885,-0.2926194110556177
2639,-0.19863280698099298,-0.35054110581224834
2640,-0.22107279275481728,-0.34737958968513577
2641,-0.20549345598600205,-0.35221742229576763
2642,-0.20271388207734067,-0.3323803941684347
2643,-0.03529899417167191,-0.25958117791254026
2644,-0.03603984794034335,-0.2590158705859063
2645,-0.035148750687288774,-0.2583173443423582
2646,-0.0334733794533522,-0.25725216501138926
2647,-0.031136046818254645,-0.2572122206283264
2648,-0.031495182393982774,-0.2564931369794779
2649,-0.03155423830878677,-0.2563937087089515
2650,-0.031732976718053266,-0.25650264613970447
2651,-0.032019112242241424,-0.25662323378766333
2652,-0.03175231172463051,-0.2565949464562285
2653,-0.03241994622810251,-0.258016316914041
2654,-0.032742541080378884,-0.25802149399664975
2655,-0.0330826122926738,-0.25864083559653067
2656,-0.03356326152535008,-0.25898315492825386
2657,-0.034324483531172095,-0.2591862496247026
2658,-0.03485731444813477,-0.25895932831197627
2659,-0.035098727208729696,-0.2585164428454709
2660,-0.03492222534089943,-0.25862023227380077
2661,-0.0348498974745942,-0.25892804117548224
2662,-0.0338089000184103,-0.25910278329285696
2663,-0.03193094351716764,-0.2591476118579384
2664,-0.03430676555592425,-0.25895907326050943
2665,-0.03281192554860772,-0.25779981963063114
2666,-0.03222944302593196,-0.2573448391831094
2667,-0.03115723344104194,-0.25712686953886454
2668,-0.03169604317070749,-0.25503053413009286
2669,-0.0304185600685028,-0.2539480300028995
2670,-0.03013979779221686,-0.2535056671042133
2671,-0.030117731031314574,-0.2524029274508323
2672,-0.032204082898662285,-0.2516275315656714
2673,-0.03222470195162886,-0.2506732662584517
2674,-0.031596522567461566,-0.24879616728164455
2675,-0.031940458461523324,-0.246481898801083
2676,4.9894310859677065,-0.21298552249974562
2677,5.214625706197414,-0.12023252872911262
2678,4.606191143238895,-0.06891364170425572
2679,-0.5133987587892866,-0.09662719090299121
2680,-0.16399073076460785,-0.12124399084307791
2681,-0.19723046009652453,0.0900380312593967
2682,-0.17444077924394838,-0.44881169457522296
2683,-0.14681217124332258,-0.5756975882042947
2684,-0.15265604179193135,-0.6933063490660795
2685,-0.1526592982999558,-0.2994134144569448
2686,-0.15032660588052618,-0.23437079308747497
2687,-0.028575639336684215,-0.23459313632850223
2688,-0.14624967858630503,-0.24886877406925648
2689,-0.18838689520586316,-0.24649454404800555
2690,-0.03132584171822015,-0.24907388587369414
2691,-0.03415304062868904,-0.24932001862013828
2692,-0.03596446224041037,-0.25152603791609723
2693,-0.03862802902503304,-0.2528055906063191
2694,-0.04091407671098419,-0.2545692847602828
2695,-0.04206767594644422,-0.2556858566506231
2696,-0.043526382359815007,-0.25605419490637443
2697,-0.044882268127264126,-0.25747131731566025
2698,-0.04623614831368206,-0.2590751454633856
2699,-0.0477468284392866,-0.26021976394773527
2700,-0.049135281060572696,-0.2606531283609987
2701,-0.04984173478273556,-0.2611798115735314
2702,-0.05032457249991228,-0.2615951765479789
2703,-0.05017020964317659,-0.2616305592745976
2704,-0.049893414245902816,-0.26174106542014847
2705,-0.04853275078971357,-0.26162391677080876
2706,-0.04949586118894232,-0.26130270742719275
2707,-0.04860191539361127,-0.2605112628293439
2708,-0.048538215189986196,-0.25988108883155486
2709,-0.04903991413108066,-0.2600710342623861
2710,-0.05031668870940785,-0.2597496892950279
2711,-0.051357855444361646,-0.25962262944241776
2712,-0.051478688960724224,-0.2605039383631459
2713,-0.04976092203156077,-0.2604839340725865
2714,-0.04959813545406571,-0.2605587597585284
2715,-0.04856342462348153,-0.25969099037602716
2716,-0.047656745756221766,-0.260170196305316
2717,-0.04292456570056085,-0.25995304575298006
2718,-0.04259190211849682,-0.2591168632440474
2719,-0.04197581844078876,-0.25727334514887906
2720,-0.04033427763821636,-0.2550874347166834
2721,-0.041107534763262434,-0.2542929917219774
2722,-0.03905284900539017,-0.2529661127467952
2723,-0.03855016556238353,-0.2502910126844255
2724,-0.037087662733857996,-0.24890510743055042
2725,4.747427486039935,-0.16064033504858383
2726,4.62240404255245,-0.16655904775237618
2727,4.269792757045175,-0.1802650486935431
2728,-0.5433806708915607,-0.18803249171095196
2729,-0.6915192155104486,-0.224240675709811
2730,-0.1054087543570977,-0.43336209852565777
2731,-0.12494862290723312,-0.6791678484140823
2732,-0.1354010345926664,-0.43954253591014075
2733,-0.02354030558402169,-0.20869783567693195
2734,-0.6154440067180663,-0.2344805718412065
2735,-0.3976970725100869,-0.24292264020166565
2736,-0.09451315045083576,-0.36346239628457455
2737,-0.2056679735459732,-0.28647462883792557
2738,-0.17731226938590325,-0.26198566003346235
2739,-0.18208735363997605,-0.20703903804075433
2740,-0.15538163752618303,-0.16942510599924895
2741,-0.2210867681783434,-0.13948701888132142
2742,-0.04308387404361721,-0.26843572038093716
2743,-0.045149570043017354,-0.26948545150043385
2744,-0.04741351137477257,-0.26943384593118763
2745,-0.050114538181426076,-0.2692425298302692
2746,-0.04986758697071262,-0.2712645628278922
2747,-0.05092515082869492,-0.27109857776627305
2748,-0.052725721442237,-0.26995087332684387
2749,-0.05412792064337248,-0.26917075943746915
2750,-0.05485199743755306,-0.2685243903656286
2751,-0.05554378200387447,-0.2681374683151425
2752,-0.054327679993435254,-0.2675152109017938
2753,-0.055026196079659084,-0.2674789546243593
2754,-0.055332379548940956,-0.2677023552331964
2755,-0.05793053302854895,-0.26821041134194723
2756,-0.05941367501168327,-0.26835645452239265
2757,-0.06072475880825092,-0.26799002203133304
2758,-0.06245741714787305,-0.2680340900501613
2759,-0.06179166551748468,-0.2666835319396844
2760,-0.06174889947274879,-0.2653262741963451
2761,-0.0588463647422157,-0.2649830133074118
2762,-0.0574024344443125,-0.26609062280324436
2763,-0.05487559909688679,-0.26576772489109274
2764,-0.05320427052942048,-0.2635617679906598
2765,-0.05292736314255196,-0.26389570641320376
2766,-0.050450996690258904,-0.2648694718246816
2767,-0.05113504122311835,-0.26515199456096344
2768,-0.051806828386732846,-0.2650147933289083
2769,-0.049146688033248745,-0.2651535999963939
2770,-0.047768652461750605,-0.26553391544979066
2771,-0.04378596077790465,-0.264314928887887
2772,-0.04336235063033135,-0.2625274655176811
2773,-0.04099645999671751,-0.26036594261569074
2774,-0.038743890342664046,-0.2603157999222703
2775,-0.038503125633774136,-0.25995246798444793
2776,-0.03683723169872391,-0.2599331593314478
2777,-0.03477598130855434,-0.25890717536106855
2778,-0.03441056295932905,-0.2582137109850761
2779,-0.03440753082698177,-0.2580227291834089
2780,-0.035565933804517044,-0.25790312817231925
2781,-0.034442057866499454,-0.25898348254400116
2782,-0.03382385000336771,-0.25914487419380927
2783,-0.033712218618655025,-0.25910991401032507
2784,-0.033712218618655025,-0.2667400485255243
2785,-0.0335334777116171,-0.26608227619938224
2786,-0.03329719726982892,-0.2663275772723979
2787,-0.033656990081765085,-0.26685194442867965
2788,-0.033760600515284976,-0.2698982986001598
2789,-0.035598184130782744,-0.27270439520390527
2790,-0.03385135349584498,-0.2767441553184031
2791,-0.034503072971037274,-0.2799892656480819
2792,-0.0351192804158484,-0.2818199857837805
2793,-0.03507728295290148,-0.28274442767851415
2794,-0.035668103937708695,-0.28339318213742587
2795,-0.03512832829797435,-0.28425656794252224
2796,-0.034328709069501785,-0.28688606256574795
2797,-0.03320105433062169,-0.28304682773318496
2798,-0.033002512064183455,-0.27978154582690523
2799,-0.03278657268104182,-0.27720901817987204
2800,-0.03194297875882045,-0.27227800522552953
2801,-0.029908942935345063,-0.267501317419555
2802,-0.09021935240500337,-0.1816178580527017
2803,-0.06707365160912299,-0.17281949328066873
2804,-0.017713813079419882,-0.16721912015282522
2805,0.07234093296048956,-0.1727306401305272
2806,0.18233914639957874,-0.1901944409580574
2807,0.28390668872519026,-0.21300460811063346
2808,0.3072361236231706,-0.22604417791746872
2809,0.15065805123445303,-0.023279753195599703
2810,-0.24477507192777206,-0.09669270958822951
2811,-0.29265007508822655,-0.10062393814942369
2812,-0.320533900127763,-0.10289990843119458
2813,-0.3384053199221404,-0.10766219725973498
2814,-0.3664292933673759,-0.11987001929392466
2815,-0.40474913988236966,-0.14227588433857905
2816,-0.43461721865767466,-0.15912722585308103
2817,-0.018729619068232315,-0.27036778600258493
2818,-0.021386227438659294,-0.2696209383360065
2819,-0.026651492875262695,-0.26943908360563856
2820,-0.02886948335405098,-0.2704622433803498
2821,-0.032508781584301545,-0.2710918962820922
2822,-0.03549313075063577,-0.27280312896322295
2823,-0.03783197916799608,-0.27383197559191447
2824,-0.036855819807696914,-0.2756461670370982
2825,-0.037508732373311475,-0.27705523252830627
2826,-0.04372460007187476,-0.27921216590000403
2827,-0.0527063313397719,-0.2813812209020195
2828,-0.0543650344031482,-0.2836719978508189
2829,-0.06073427883863328,-0.2864521185057163
2830,-0.0641572178763016,-0.2890696220202846
2831,-0.06801151190354955,-0.29070079243697533
2832,-0.07142984445251109,-0.2924170582973534
2833,-0.07601692866482027,-0.2941064852646039
2834,-0.07815542721813534,-0.29549730791596196
2835,-0.08196799327446243,-0.2960710040155014
2836,-0.08196941975637267,-0.296521256553678
2837,-0.08193097752227448,-0.2968277711841702
2838,-0.08273698993377665,-0.2963847686189481
2839,-0.08260697043946878,-0.29558638404148024
2840,-0.08169142084363211,-0.2939295707705197
2841,-0.07635999538612244,-0.29214267586802783
2842,-0.06824194565929781,-0.2907083154446674
2843,-0.06716612276367434,-0.2889573867220655
2844,-0.06583338699681685,-0.28760165106697494
2845,-0.06453906623239133,-0.2865606630378876
2846,-0.0633648477597701,-0.2861060245170389
2847,-0.06421843348661012,-0.286543565929467
2848,-0.06588777406086183,-0.2885183457728438
2849,-0.06421673729764642,-0.2898655403821578
2850,-0.0625639343722212,-0.2917878484458483
2851,-0.06546846804575178,-0.2940416275722009
2852,-0.5637574825933087,-0.22053925222078166
2853,-0.5672505180208016,-0.20074177622694156
2854,-0.5505318466831323,-0.20136172300581276
2855,-0.49536258054591253,-0.22469105411519466
2856,0.16940870130312974,-0.24844302903630675
2857,0.20309852315556776,-0.2682097080269356
2858,0.19627242064873723,-0.2744063215798411
2859,0.2331963508916998,-0.1916473467200864
2860,0.1888387944058285,-0.16263219262378825
2861,-0.04166619543964081,-0.16476978430231595
2862,-0.5678203356856557,-0.1627173159383244
2863,-0.6895666742487313,-0.13283305551547908
2864,-0.4867843784991366,-0.12241094926821826
2865,4.383382975706391,-0.127493430054895
2866,4.6044217087940105,-0.14273384548754275
2867,4.608262755679301,-0.16497479426742045
2868,-0.03441564639881825,-0.2660588331696419
2869,-0.03471752946092322,-0.26872997707181495
2870,-0.04053751544681234,-0.26983395381079667
2871,-0.0483744732604573,-0.2726748308483236
2872,-0.05491700667363507,-0.27404604496400714
2873,-0.06356904209996511,-0.2754390432662549
2874,-0.0679909516968383,-0.2767631155479939
2875,-0.07470478819644984,-0.2796911628956608
2876,-0.08044000010130466,-0.28135729629642614
2877,-0.08421862550849767,-0.28297822005733947
2878,-0.0865805071410191,-0.2850121475889983
2879,-0.08826257871953752,-0.28612472921254634
2880,-0.0885674924127531,-0.2870377835995122
2881,-0.087119387440485,-0.2873416304637792
2882,-0.08636276879818235,-0.28752175039583044
2883,-0.0845186168431571,-0.28842025302685503
2884,-0.08421898053135804,-0.28922577896374957
2885,-0.08458764584057848,-0.28932925291768496
2886,-0.08551706522092115,-0.289985560939948
2887,-0.08469607077346468,-0.29070053349929564
2888,-0.08623826958532027,-0.2916257731828715
2889,-0.08524788397071797,-0.2917794916920879
2890,-0.08480686827056563,-0.2919698727098132
2891,-0.08188658695656383,-0.29159302996957287
2892,-0.0788554343950438,-0.2905070110896093
2893,-0.07391664109283533,-0.28775153094635453
2894,-0.07127561362197647,-0.2853017308407875
2895,-0.05993203672141015,-0.28329155442127707
2896,-0.05578124343025302,-0.27884634686455356
2897,-0.050029314376927786,-0.2756122226284468
2898,-0.04497883106793268,-0.27186969453492105
2899,-0.04302258419390459,-0.269400063952716
2900,-0.041126905668286286,-0.2673049162097881
2901,-0.037935300494352994,-0.2640968853099111
2902,-0.03317994833660169,-0.2607869201448537
2903,-0.028352633030837276,-0.25875763939852087
2904,-0.022497747651741465,-0.25344427773977307
2905,-0.17572226083914366,-0.28311538958136273
2906,-0.1937467430236961,-0.25163373724256227
2907,-0.1926044765361631,-0.12679068593116977
2908,-0.18601473274842772,-0.18629389267328267
2909,-0.18352003442956286,-0.1679858902350627
2910,-0.18321483588273102,-0.17969853275520098
2911,-0.5997733547516818,-0.2019629980125695
2912,-0.6623463268266326,-0.19966543742010803
2913,4.129914317178428,-0.26823277449681365
2914,4.839437049556268,-0.3272503279480786
2915,-0.5750495533669134,-0.14657401146302634
2916,-0.17078443649336097,-0.2360290342112769
2917,-0.16754113451665462,-0.26907618494526575
2918,-0.16106539975020287,-0.25988921488341804
2919,-0.15718841888946425,-0.2517340324260333
2920,-0.07741743160877862,-0.24253647920793625
2921,-0.0904176964641798,-0.2408450456695581
2922,-0.10314274172881242,-0.24228089818017592
2923,-0.11673513852031756,-0.24476394316340908
2924,-0.12734199028120574,-0.24856847037540716
2925,-0.1433478938696782,-0.2518010213035733
2926,-0.15928122745369594,-0.255201487489335
2927,-0.17340914663435864,-0.2595753133352802
2928,-0.1822722975139168,-0.2653083944658094
2929,-0.18929705371393177,-0.2705349476661142
2930,-0.19228679158749457,-0.27490848261375384
2931,-0.19562334113401322,-0.27914894420781755
2932,-0.19865555592049639,-0.28404070048302227
2933,-0.19922914609402045,-0.28659156080817666
2934,-0.19525926192094673,-0.28891367609387963
2935,-0.19143249836238177,-0.2906768303034197
2936,-0.18894487753637887,-0.2912742872489499
2937,-0.18611272556534514,-0.29191797082722487
2938,-0.1796842292924471,-0.2919396487739759
2939,-0.17208553220662703,-0.2918911061027231
2940,-0.16520108895669142,-0.29108625999233406
2941,-0.16012458815406302,-0.28993688986130556
2942,-0.1530869935157023,-0.28804604186940885
2943,-0.14318558054636263,-0.2865001346864889
2944,-0.13071037586116296,-0.2833012862687994
2945,-0.11999103593987231,-0.28081631076013963
2946,-0.10521798902308084,-0.2775183839193234
2947,-0.08772982080206787,-0.2742319420672303
2948,-0.0771391452430741,-0.27170237044338597
2949,-0.06726789326183097,-0.2698029863702537
2950,-0.05717666924986739,-0.2679181218709836
2951,-0.054224519439926344,-0.26614277154417465
2952,-0.047444827625220995,-0.2657026895537787
2953,-0.04233673899738366,-0.2642264080593611
2954,-0.026262828775708007,-0.2632365000439077
2955,-0.023027104142195245,-0.26146202492354326
2956,-0.018871819330771717,-0.25956916639062305
2957,-0.01546958236992011,-0.25910991401032507
2958,-0.033712218618655025,-0.2606539397926055
2959,-0.03376427903338022,-0.2604924944113641
2960,-0.033620678756436734,-0.26011601285570174
2961,-0.034107153778457744,-0.258849759284502
2962,-0.03491578963072801,-0.25814737478617084
2963,-0.03445318594390732,-0.25855534230868943
2964,-0.03426877957100182,-0.2594779840230573
2965,-0.03443149761477997,-0.2578335930596543
2966,-0.0332706380453915,-0.25711730772272934
2967,-0.03595933399551203,-0.2555620414766096
2968,-0.03633857946798384,-0.2525106300691907
2969,-0.036410857576873616,-0.25443365404941776
2970,-0.03622238095768497,-0.25607858062002514
2971,-0.03640700712298812,-0.2537836077351746
2972,-0.03655020560952385,-0.2529754826626362
2973,-0.034619101930977274,-0.2521480604156928
2974,-0.03308384327719557,-0.2503789091331068
2975,-0.03225491388204573,-0.25028603060837606
2976,-0.030895022634164795,-0.24894925971130089
2977,-0.07538839550540515,-0.1968036345286796
2978,0.00018509331340367172,-0.19980389710486754
2979,0.07946033533870617,-0.2058442415115658
2980,0.17061446941502237,-0.21867273360651085
2981,0.26379516285115445,-0.23146054484758244
2982,0.2653217279072784,-0.2388022994255997
2983,-0.08793415899161366,-0.11487426545296853
2984,-0.2942352538316753,-0.11253947325527439
2985,-0.3304074602432468,-0.1092897790656069
2986,-0.35054496729056867,-0.10195332795463131
2987,-0.35170638227472384,-0.1091913915287947
2988,-0.35829997479704884,-0.11867780710811524
2989,-0.3843967454768925,-0.130860537098354
2990,-0.42332981376649226,-0.15136941850019411
2991,-0.006320937915864328,-0.27799508927780925
2992,-0.01586269077037017,-0.2820812213498468
2993,-0.023454608668050957,-0.2857349336135657
2994,-0.030212380487829163,-0.29091176814374325
2995,-0.035324132235074766,-0.2962039537221295
2996,-0.039088515722153536,-0.30134933195538355
2997,-0.039838141177887115,-0.30741439276541643
2998,-0.04180251821167551,-0.31251425230708
2999,-0.04661218340894627,-0.31780379427821237
3000,-0.054399610315642576,-0.3229405482234897
3001,-0.0576262296211005,-0.32691284751513305
3002,-0.05980999689261891,-0.3303347641341032
3003,-0.06245687884700572,-0.33331028444250177
3004,-0.06570969518493756,-0.33604329196504007
3005,-0.06590216689454347,-0.33891108542389486
3006,-0.0670895297464515,-0.34200465965940396
3007,-0.06928053327177473,-0.3452677553950825
3008,-0.06997848184185035,-0.34761556074608996
3009,-0.0715501675401607,-0.35002126334945804
3010,-0.07340044711344494,-0.3520585716454337
3011,-0.07479474983844188,-0.3543823280656538
3012,-0.07773037825873612,-0.35647942120211323
3013,-0.07878465177925999,-0.35797914818575977
3014,-0.08030904055802227,-0.35872108850049433
3015,-0.08166916918621353,-0.3586655735368585
3016,-0.07848346285324301,-0.35702077877323346
3017,-0.0750115566501434,-0.35437424229569786
3018,-0.07612321847234056,-0.3506267058319294
3019,-0.07427595710851954,-0.34771641596357555
3020,-0.07329525247021473,-0.34388474968989463
3021,-0.07437655785118835,-0.34071421805894064
3022,-0.07032769937178901,-0.3367395132136396
3023,-0.06635624618632784,-0.3344605567473619
3024,-0.06368271062359512,-0.33348161346530636
3025,-0.06079235424774861,-0.33305367988770973
3026,-0.484752558720353,-0.45528193930697153
3027,-0.5504555592356226,-0.4080156484126161
3028,-0.5488773778274153,-0.33471980836763693
3029,-0.44619080481252177,-0.27617501734352906
3030,0.2193918486770031,-0.24008436033850483
3031,0.19669151785823621,-0.19332828299855945
3032,0.19603999656861865,-0.19439842210737346
3033,0.230193032977731,-0.20710611112217361
3034,0.2868010969159029,-0.17079095665312072
3035,0.2350013752264207,-0.17674448406393314
3036,-0.5364239883389423,-0.18145139477690292
3037,-0.8445242821785439,-0.15008752014006552
3038,-0.7120282566319517,-0.1379944908211514
3039,-0.5307624715506636,-0.13982669731847083
3040,4.146376931198999,-0.15085093222085666
3041,4.348556362984111,-0.16647802021911773
3042,-0.03479450495257617,-0.2744103246521375
3043,-0.03383857772023625,-0.27805350700360526
3044,-0.041187360699138816,-0.28352679560182587
3045,-0.04406208570585129,-0.29002173815685633
3046,-0.05577554590832875,-0.2981828023910563
3047,-0.06357058943850644,-0.30709784847600013
3048,-0.07255403373889477,-0.3190141954063081
3049,-0.08021090729860955,-0.32875304290468527
3050,-0.0829129364689593,-0.33736508217036487
3051,-0.09173967341415852,-0.3457711295540563
3052,-0.09647786565692854,-0.3521223387535177
3053,-0.10016082153069902,-0.35710781191457397
3054,-0.10048003896884493,-0.35975157080041353
3055,-0.09972083766763741,-0.36146421087949915
3056,-0.09777412024136954,-0.3624927949622337
3057,-0.09639236579868068,-0.36314142721386705
3058,-0.0934131585242161,-0.36333549900456835
3059,-0.09420272571265674,-0.36401654333403544
3060,-0.09365167038498973,-0.3649396950074198
3061,-0.09473651727767353,-0.365836883659029
3062,-0.09469272124865537,-0.36620503750909045
3063,-0.09046177002118479,-0.3661228423194517
3064,-0.09083656665964021,-0.3643814888586362
3065,-0.08801151308782938,-0.36105959348596195
3066,-0.08437219853430535,-0.3559569491031945
3067,-0.08239781112330773,-0.3497913627773193
3068,-0.0775352031495682,-0.3416390238120275
3069,-0.06353059328561099,-0.3324577378905604
3070,-0.06016782828013661,-0.3224004199369094
3071,-0.05417202119275005,-0.3133462607273781
3072,-0.04976421872753795,-0.3052885657008657
3073,-0.04432638654617046,-0.2959137239560799
3074,-0.04138577786387563,-0.2867859410301482
3075,-0.04022173635845889,-0.27763549106541163
3076,-0.035702720108897974,-0.2692109239676214
3077,-0.02953984313721918,-0.2618524850824654
3078,-0.023628880891646418,-0.2542680571260904
3079,-0.1644144674493319,-0.11590552843633121
3080,-0.17801908287511706,-0.22169737405284412
3081,-0.16737535112450852,-0.1905310839690583
3082,-0.167439696756684,-0.16112175323460376
3083,-0.17055316377221305,-0.15125379962977978
3084,-0.1123419398621076,-0.16992274466005916
3085,-0.49524667154923924,-0.1780317677133322
3086,4.376800456968748,-0.17369281997281738
3087,5.103146511718869,-0.20970375239279476
3088,5.236629843062368,-0.324062675112438
3089,5.893213714814701,-0.3166789529715305
3090,-0.52723554442724,-0.24373282593211248
3091,-0.171197429682568,-0.25639767178147543
3092,-0.15903645307800912,-0.2406240830341185
3093,-0.15071163886505595,-0.2347624421798011
3094,-0.1441714019904413,-0.23008418799327315
3095,-0.10544062121475443,-0.27488802595178663
3096,-0.12485830281149783,-0.28256142184155114
3097,-0.1370672923408293,-0.2930038937999134
3098,-0.14596307007289322,-0.3048755657918439
3099,-0.15782983550483626,-0.3182293874182134
3100,-0.16938426809647317,-0.3314527936518813
3101,-0.17796930713926307,-0.34624101633115945
3102,-0.18663978891156968,-0.36028972499501133
3103,-0.1917849333028444,-0.3738287207922833
3104,-0.195879841254322,-0.3856923355279847
3105,-0.20024388907609145,-0.39602070567676034
3106,-0.20114335615546336,-0.40507501811970437
3107,-0.20362459136771105,-0.412452995618273
3108,-0.20276221823113352,-0.4177310766041032
3109,-0.20265400123002453,-0.4212815521746907
3110,-0.20227959290789665,-0.42373247940881037
3111,-0.20233974055491843,-0.4246941075736523
3112,-0.19867063778142902,-0.4241058033571993
3113,-0.19376274562184276,-0.42191312601115866
3114,-0.18929895092062396,-0.41842337057610846
3115,-0.18389688700881085,-0.41287022668017553
3116,-0.17848623732405566,-0.404255581215279
3117,-0.1688547641036071,-0.39324666521061197
3118,-0.15746092896092304,-0.38025050560148604
3119,-0.1383145683446048,-0.36618160043605735
3120,-0.12069199714261478,-0.35266245900306864
3121,-0.10416623496848888,-0.3393312857657672
3122,-0.08794978199503427,-0.3256592379890825
3123,-0.07338549672718202,-0.31406441086198517
3124,-0.06092990906428126,-0.30370564680772
3125,-0.053393057454151745,-0.2927224341883916
3126,-0.04925159671928306,-0.2836136275865297
3127,-0.04303695007296309,-0.27450806920553755
3128,-0.03209088099135775,-0.2684816560381543
3129,-0.017067183461412404,-0.26518192991366785
3130,-0.015198043825606775,-0.26093459008380615
3131,-0.008689500082976255,-0.25910991401032507
3132,-0.033712218618655025,-0.25916636795368775
3133,-0.033689436658099224,-0.2587466420989654
3134,-0.0340244245030668,-0.25738767667054624
3135,-0.034454272558296264,-0.257481881080209
3136,-0.03396149351046954,-0.2543394121864981
3137,-0.03548124877310421,-0.2501401615001035
3138,-0.03617878694612247,-0.244269301879332
3139,-0.03730874613991525,-0.23826525815576524
3140,-0.03872151194818224,-0.23953504175479828
3141,-0.04097007421515354,-0.23870801106098685
3142,-0.04048460564854067,-0.23960715568014973
3143,-0.04075248937115538,-0.24024058475175383
3144,-0.040839581195639886,-0.2395205984277932
3145,-0.039330279014275014,-0.24000061088559468
3146,-0.03881674535415962,-0.2422990080923854
3147,-0.03669233176111597,-0.24220001398853772
3148,-0.03547722795347361,-0.24157097841698405
3149,-0.03316808731405638,-0.24272451657610117
3150,-0.03231944497455059,-0.24118384496924292
3151,-0.15652161338394657,-0.1802334901261693
3152,-0.144576773881519,-0.17816286049022198
3153,-0.1380931171121251,-0.18337628525149127
3154,-0.12855990184920818,-0.19613300735882055
3155,-0.15543547813563194,-0.21959552749570183
3156,-0.22093042167696714,-0.24479605692303752
3157,-0.30100926032819464,-0.14074883006193564
3158,-0.3288580240987556,-0.12256319249290812
3159,-0.3503591088343138,-0.11237155727625918
3160,-0.3632752781741948,-0.10656466827440318
3161,-0.3667030851828054,-0.1137847115904569
3162,-0.35052938628391517,-0.1216128751905917
3163,-0.341590381467226,-0.1270367572055962
3164,-0.36231985094712726,-0.1376348399765338
3165,0.02595485704751985,-0.26902741512281103
3166,0.020765685199825693,-0.2700117022883233
3167,0.012457780102604139,-0.27211835666577716
3168,0.00455200389819718,-0.2758996251438895
3169,-0.005029731284551013,-0.28141061276946094
3170,-0.013905766173502301,-0.28749488222367153
3171,-0.02352948450507931,-0.2957377819632023
3172,-0.029510574493247396,-0.30425774273331146
3173,-0.03620522336622071,-0.31376360987973273
3174,-0.03905846038093905,-0.32452613486851606
3175,-0.04049083243200534,-0.3340292670230292
3176,-0.04303422136346796,-0.34371906864724633
3177,-0.05373781432813361,-0.3534786080559656
3178,-0.059672039341250094,-0.36231173697528335
3179,-0.0631757978418876,-0.3690531084876747
3180,-0.06777199278438305,-0.3749732980102494
3181,-0.07093717601481618,-0.3799800504315115
3182,-0.07297103292311222,-0.38459636823215243
3183,-0.07680259201369208,-0.3878115569113921
3184,-0.07698512517559063,-0.3900752013298038
3185,-0.07625629973487137,-0.39077948876644236
3186,-0.0755795904407578,-0.38997960187087743
3187,-0.07694233860101067,-0.38734012223832726
3188,-0.07278760006146574,-0.3833720711529918
3189,-0.06836361111573074,-0.37821900375521106
3190,-0.06757805601358984,-0.37214908799978497
3191,-0.06411530007775017,-0.3662050255840645
3192,-0.060877314878472914,-0.3604314976723063
3193,-0.060752269132550225,-0.3555984996069098
3194,-0.05907896776351952,-0.3518313767756166
3195,-0.06081609311800366,-0.3485905447484183
3196,-0.059412801728361594,-0.3460879129748876
3197,-0.05934949411216037,-0.3466350474507959
3198,-0.05895696719782185,-0.34710451228680694
3199,-0.05542097778278515,-0.34818026395894924
3200,-0.3565383525392856,-0.5288598932904286
3201,-0.5142940754115156,-0.47322322161836455
3202,-0.5655936451021355,-0.4149343351346883
3203,-0.5403022180522541,-0.35034537538801525
3204,-0.31294187760213843,-0.2810222368336791
3205,0.22000848472632406,-0.24467028233975974
3206,0.23508004903464505,-0.20436042121344059
3207,0.2601652303629002,-0.19294524931058782
3208,0.32750488322010385,-0.19227862750155605
3209,0.34514952941703053,-0.19409119660203633
3210,0.23460911121148756,-0.20507257071812895
3211,-0.8926612634067013,-0.16661391781510893
3212,-0.896164970549669,-0.15212156527836335
3213,-0.6883287796246788,-0.15136446911605136
3214,-0.5270793240040763,-0.1620844833899814
3215,4.170547985896975,-0.177096033697447
3216,4.320455430778981,-0.19860543086570687
3217,-0.03601476936486567,-0.2872039560177157
3218,-0.042099942420379406,-0.2954004043813425
3219,-0.047014533112030604,-0.30205361845199086
3220,-0.055572971939638234,-0.31450832314720184
3221,-0.06401046293469811,-0.3294112123418393
3222,-0.07802111782600141,-0.3432378407942519
3223,-0.0838634046627415,-0.35693032977855427
3224,-0.08877736777557833,-0.369254094748508
3225,-0.09104712747676254,-0.38022490884565274
3226,-0.09743301332957972,-0.3885289511368809
3227,-0.0984820621580238,-0.3937752520118061
3228,-0.09631191182064677,-0.3953716089944532
3229,-0.09297770201648674,-0.394449260294474
3230,-0.09122352584541284,-0.39172061928041996
3231,-0.0880475323427628,-0.38834541769685127
3232,-0.08558129805988263,-0.38546466497896076
3233,-0.08330014541286995,-0.3830626845773162
3234,-0.0807433330864753,-0.3810983367716435
3235,-0.08041906902738617,-0.3799550260834286
3236,-0.0819070510161638,-0.3795063484670848
3237,-0.08143076498833,-0.3789819416591299
3238,-0.07907075765305263,-0.3784216235682974
3239,-0.07744048749852432,-0.37606127588834
3240,-0.07390613750412205,-0.37195249664253827
3241,-0.06861829794756578,-0.3667878862425023
3242,-0.06724924787726026,-0.3592007142426302
3243,-0.062018316490821165,-0.34903743131006043
3244,-0.05645038571378794,-0.33772400344075765
3245,-0.05015148826291325,-0.32425069556971003
3246,-0.04397176039462581,-0.31067714590312784
3247,-0.041950556538089136,-0.2978609068710031
3248,-0.040043754593186286,-0.28537121379652236
3249,-0.03569521609708883,-0.2740561576563285
3250,-0.031010288304090593,-0.26440282561610234
3251,-0.02516676298382161,-0.25527242172931963
3252,-0.019170332309952118,-0.243801163776481
3253,-0.1572756859030755,-0.25588481623598797
3254,-0.16788376184302012,-0.21827683583722085
3255,-0.16593749506859984,-0.19376813057252987
3256,-0.16771208427843898,-0.16366440720252526
3257,-0.16969771702408368,-0.15691852138372103
3258,-0.1676872008239277,-0.17407285034731063
3259,-0.528343216854288,-0.1829843249301199
3260,4.114497772381735,-0.17788886076310506
3261,4.993677523412029,-0.2145524793094254
3262,5.18199065493617,-0.3350886521456521
3263,5.27436971782783,-0.32595356232355766
3264,-0.5567563986592732,-0.2549397810008669
3265,-0.16786233655021035,-0.24332082973761093
3266,-0.1547540891839127,-0.22887230484173995
3267,-0.15077102935286357,-0.21875788121443537
3268,-0.14562416153169866,-0.21507445244323734
3269,-0.09799691393206643,-0.286722869298267
3270,-0.11027840138498876,-0.29547395325872017
3271,-0.12251849350051029,-0.3073790067800724
3272,-0.1348625873946706,-0.3204072093348034
3273,-0.1470318378324548,-0.3343855136688674
3274,-0.15375412737860766,-0.34897236787158253
3275,-0.1631139899072466,-0.36345596204181396
3276,-0.17146229501910096,-0.3791429223073094
3277,-0.1762774768243657,-0.3936328988188106
3278,-0.17919490221652998,-0.4062611702353218
3279,-0.18089686894838783,-0.4162564225634965
3280,-0.17953729433069202,-0.42386715795958435
3281,-0.177093653677419,-0.4291265910350953
3282,-0.17595123434052318,-0.43165763256464684
3283,-0.17531182443905952,-0.43330777523210173
3284,-0.1725652327264881,-0.4332549107370708
3285,-0.168505174294079,-0.4333646366244399
3286,-0.16514767724661794,-0.43226224168932925
3287,-0.16225175401846703,-0.4306697070672087
3288,-0.16148744923626712,-0.4281583632282399
3289,-0.15933955202359157,-0.4236585303098994
3290,-0.15458592895996207,-0.4185075207324644
3291,-0.14970114454776173,-0.4116157476991847
3292,-0.14388824565133287,-0.4029641318597589
3293,-0.1294124449820627,-0.3922328643073896
3294,-0.1190392429119125,-0.37914027863610306
3295,-0.1068628527869395,-0.3647776069828833
3296,-0.09401440906530872,-0.3497162555666726
3297,-0.08212076639236751,-0.3346009728692519
3298,-0.06943753207405824,-0.3210737751922267
3299,-0.0590307784770106,-0.3079176769286397
3300,-0.0515740563643233,-0.29482846018641073
3301,-0.04813988343815405,-0.28241436315554563
3302,-0.03608100307139299,-0.27237866796504456
3303,-0.02396810925044858,-0.2670923236261902
3304,-0.014854699976818235,-0.26158265935551933
3305,-0.010196318773685148,-0.25910991401032507
3306,-0.033712218618655025,-0.2591700188086807
3307,-0.033687107367499226,-0.2586236407205062
3308,-0.033164052254955306,-0.256346225496832
3309,-0.03268657056920986,-0.25722918160046465
3310,-0.03324388051663834,-0.2548857746460087
3311,-0.034544932688845356,-0.25435152687923773
3312,-0.034031252373312025,-0.24811548544002457
3313,-0.03504031252273287,-0.2430733979794611
3314,-0.035915440200984916,-0.2415253930147174
3315,-0.036097663519038654,-0.24129708395747496
3316,-0.03542324855001361,-0.2400586165967444
3317,-0.03759767651599252,-0.2390065642020696
3318,-0.03835172823924716,-0.2380845561502686
3319,-0.03718441662875007,-0.23745864978301068
3320,-0.0376479343110749,-0.2373367149682125
3321,-0.03557326748871072,-0.2393899132422216
3322,-0.0358710732296556,-0.23758769165231644
3323,-0.03443035132884941,-0.23909840502926955
3324,-0.03479371360735518,-0.23851307980600164
3325,-0.17862946515031403,-0.2272534980235884
3326,-0.09965292039389156,-0.21491579728890037
3327,-0.20533015417866649,-0.20906562672646742
3328,-0.28598957826969224,-0.2087600025606178
3329,-0.33530061383570403,-0.2190870643507418
3330,-0.3648070609762344,-0.23981567103540327
3331,-0.36298271697826034,-0.1490169887257928
3332,-0.36309035704570375,-0.13012499380837497
3333,-0.3653158517061551,-0.11782523867348862
3334,-0.3671481226545412,-0.11190887867078504
3335,-0.3590011921125177,-0.11456003541462093
3336,-0.3503610588037625,-0.12322263369762178
3337,-0.33267165868923176,-0.13197443466353492
3338,-0.3296137656352667,-0.1422157587087943
3339,-0.35904270282827233,-0.15817040597496546
3340,0.024867336174681332,-0.2709885310219559
3341,0.014329284693394945,-0.2736344403080093
3342,0.006805882156118617,-0.2776354505576087
3343,-0.0015551166164889288,-0.28227577043963054
3344,-0.010615120251361503,-0.2874217397436525
3345,-0.018042869508795873,-0.2913931489827717
3346,-0.02481652433335561,-0.29780402610690326
3347,-0.028203224946279783,-0.3028287584279896
3348,-0.033106514437125194,-0.3067529384279981
3349,-0.03692268737317507,-0.3110755246076792
3350,-0.040208587353563606,-0.31465533284054675
3351,-0.039602060493945254,-0.319073353063225
3352,-0.04139164857606396,-0.3223394137525708
3353,-0.044348989276825956,-0.32700705895725335
3354,-0.047121591020061346,-0.332361626009433
3355,-0.04886733953222174,-0.33668032029086864
3356,-0.05544455794975697,-0.3397178065000198
3357,-0.05944695769783389,-0.3418123334327072
3358,-0.06110652929436804,-0.3435082266632584
3359,-0.06224014759956958,-0.34506386530759914
3360,-0.064211769375939,-0.34568153653215006
3361,-0.06466700898990989,-0.34572395656444327
3362,-0.06417225589613354,-0.34506738210425564
3363,-0.06422052993185699,-0.343050150140472
3364,-0.06381869834508301,-0.3415789467476949
3365,-0.06325530805163498,-0.33877268412022815
3366,-0.06404018737791661,-0.3364390226404971
3367,-0.06469328628029924,-0.3339932276091442
3368,-0.06466258163410893,-0.3325912507715445
3369,-0.06659699831078589,-0.3329728092709723
3370,-0.06710966227950764,-0.3341058386740566
3371,-0.06560121228647953,-0.3344405663037745
3372,-0.0638152558385655,-0.33702542474929487
3373,-0.06068776523282096,-0.33741799596219413
3374,-0.1964576622616225,-0.45547265861190456
3375,-0.22151527293597442,-0.4590858395338529
3376,-0.33775084770437097,-0.4401384635021871
3377,0.308886492016465,-0.37324850544207316
3378,0.17091105810473675,-0.28929948043761444
3379,0.1223715082493544,-0.10690292134499868
3380,0.10110733598449025,-0.2631626805031769
3381,0.09280768712390874,-0.19300239864504296
3382,0.13524501820275445,-0.1623337598874982
3383,0.19828471239310777,-0.1609009461925074
3384,0.20977609720845694,-0.15159472750197694
3385,-0.6406116565332223,-0.12984852793848853
3386,-0.5941474072660226,-0.12191179097378559
3387,-0.4189623428041727,-0.12853588669944674
3388,4.133022557958335,-0.14206638148232323
3389,4.1993222226711335,-0.15870699873333516
3390,4.251788997231042,-0.18516082329366226
3391,-0.03302553045485012,-0.27684428991971416
3392,-0.038091839847998944,-0.28551810473749967
3393,-0.044718530227638185,-0.2946452606661006
3394,-0.051929251640590285,-0.3024206877670528
3395,-0.056514458479643266,-0.3066495696703066
3396,-0.0625264357631461,-0.3123883847256232
3397,-0.06718926063765872,-0.32093306551656925
3398,-0.07305677447119535,-0.3243815636063336
3399,-0.07627426494837687,-0.32911694129635394
3400,-0.07772455059005745,-0.331823430703056
3401,-0.0786918061195417,-0.3352258786849688
3402,-0.0795979403594723,-0.3383256910311742
3403,-0.0815644059637445,-0.34030626486367566
3404,-0.08492378467046878,-0.3448232288388849
3405,-0.0886781643209444,-0.34769020816675944
3406,-0.09186571314114658,-0.35145773709362466
3407,-0.09637506209031874,-0.35499645879227865
3408,-0.0994304470604612,-0.3575467890061411
3409,-0.1018321357714804,-0.36003150771724196
3410,-0.10299057619379336,-0.3610001384890275
3411,-0.10300369628570613,-0.3611759528522463
3412,-0.10102693412263049,-0.35958946135366193
3413,-0.09723854826811286,-0.3574992851503184
3414,-0.09069938994967411,-0.35323409690937735
3415,-0.07973337263525059,-0.3473666707094783
3416,-0.07362930619739337,-0.3387336309078885
3417,-0.06863859702274779,-0.32973179530862184
3418,-0.058879867846261105,-0.3200067592426448
3419,-0.05725201027472,-0.3106717118761852
3420,-0.05245317095030582,-0.3045616565095469
3421,-0.04916675013700893,-0.29623518539309796
3422,-0.046350216465062814,-0.28857651508674276
3423,-0.04463981501418052,-0.28094257788955407
3424,-0.042484663837196256,-0.27262621637685996
3425,-0.03787843160463591,-0.26554590293385977
3426,0.028315804051251135,-0.21334614597328852
3427,-0.06082333283476651,-0.2754693607818574
3428,-0.13606153212471794,-0.2544710401517375
3429,-0.1553596357541444,-0.2193146518357306
3430,-0.1617473654966249,-0.18471991125964726
3431,-0.16528259680711657,-0.16969948491203077
3432,-0.17117074409571573,-0.18041357062787108
3433,-0.4511800722385501,-0.18388133826627875
3434,-0.4702136942821986,-0.17612609657602601
3435,4.753853333547263,-0.20725843987021814
3436,5.121528743417104,-0.3030035209255218
3437,5.235628518898256,-0.31631056552547504
3438,4.565711155832467,-0.278253944608596
3439,-0.009242890549272683,-0.2359079006835453
3440,-0.16119379554126945,-0.21290838330069778
3441,-0.15283445886421745,-0.20039727906924173
3442,-0.14044344961049254,-0.19783676553816015
3443,-0.09826586723600136,-0.27154662263858503
3444,-0.11061218096224709,-0.27426266739720845
3445,-0.12015250992303965,-0.2769447389244304
3446,-0.13028895390679304,-0.2814960032469415
3447,-0.13787876106726485,-0.2874172456245789
3448,-0.14873799769595641,-0.2924378560621227
3449,-0.15717244298542565,-0.29801765564418686
3450,-0.1615818016842205,-0.30485257516678194
3451,-0.16496375442269903,-0.311738694980615
3452,-0.16749051480609484,-0.31666641895879505
3453,-0.1707879164896605,-0.3231781270867114
3454,-0.1726709747277551,-0.3290719237300585
3455,-0.1751261568431093,-0.33335292539016914
3456,-0.17579008961111664,-0.3378032292291093
3457,-0.17731760254440843,-0.34158490958303295
3458,-0.17878804103510768,-0.3442744423703146
3459,-0.1788921985334112,-0.34674526799326516
3460,-0.1799128477565683,-0.3474197662780819
3461,-0.17954145616378733,-0.3477684240225798
3462,-0.17783599464816546,-0.348497062568814
3463,-0.1737972643934288,-0.3477925087018123
3464,-0.1663621086853758,-0.3461669847781307
3465,-0.15958784744128549,-0.343318034431611
3466,-0.14783385806494767,-0.339414484857141
3467,-0.13778818813857768,-0.33599146683004877
3468,-0.12734050839341857,-0.3316039600392264
3469,-0.11032847283931858,-0.3243650555674284
3470,-0.10023123818287025,-0.317413031560641
3471,-0.0887474514316812,-0.3080769221390586
3472,-0.07878313811612267,-0.2976452274260603
3473,-0.07041295116674762,-0.28792762200588606
3474,-0.060472021201037056,-0.28294819060493215
3475,-0.053367682741949606,-0.27406827561084035
3476,-0.04450162647857489,-0.26836908364182893
3477,-0.03356084155953678,-0.2656838026441379
3478,-0.023954900486149268,-0.2607396949845439
3479,-0.01424050097213215,-0.25910991401032507
3480,-0.033712218618655025,-0.25910996170120176
3481,-0.033681394660464305,-0.2591150762671772
3482,-0.03378596703765991,-0.2584872829673859
3483,-0.03349996501096923,-0.25690777896942224
3484,-0.033740300683793,-0.2560200242650197
3485,-0.03422517739460475,-0.25508796191403443
3486,-0.03446672352102377,-0.25551376901369927
3487,-0.03459862981983491,-0.25015332942559604
3488,-0.034753461995369155,-0.24526947978650554
3489,-0.03617257375139913,-0.24442921276258467
3490,-0.040355005156671765,-0.24261781642446015
3491,-0.04387117525354321,-0.24026972249576936
3492,-0.04447341087866745,-0.2362002289552182
3493,-0.046029552646365206,-0.23973565201231892
3494,-0.04610276887334845,-0.2406514252676033
3495,-0.04606744859730436,-0.24320574886655216
3496,-0.04387472446590261,-0.24524210186249373
3497,-0.04199458790277925,-0.24354311126270797
3498,-0.04072536446568404,-0.24196956014592907
3499,-0.03793211430925116,-0.24222760674025046
3500,-0.32871906500943415,-0.24401865150989752
3501,-0.3000048434028595,-0.245328132081921
3502,-0.2904752902238542,-0.24992259859341576
3503,-0.301336168730433,-0.25377397124739964
3504,-0.3340810524165089,-0.24726450002212227
3505,-0.36637092526919324,-0.1745899652104489
3506,-0.3834368721468522,-0.1644119567090003
3507,-0.40703549438357545,-0.15378085514465883
3508,-0.4288940043211062,-0.13531699351317447
3509,-0.4437436209694959,-0.13680985175204924
3510,-0.44650067455096126,-0.14049201061984756
3511,-0.43711396098043764,-0.14256845323356865
3512,-0.4295957940474396,-0.14548224060828885
3513,-0.4491127544337787,-0.16191830583912134
3514,0.03063377767203035,-0.27014637777093853
3515,0.021612060468014806,-0.27105307268462747
3516,0.012045229618671641,-0.27403104258356803
3517,0.00470951534984308,-0.27659783249603
3518,-0.004466745700989115,-0.27890780176831614
3519,-0.012609836995656317,-0.28400273358041406
3520,-0.020325265199758556,-0.28931168387889755
3521,-0.02656711424672271,-0.29331494624109955
3522,-0.03206360025991653,-0.29566185673349576
3523,-0.035548951173880836,-0.299889930426486
3524,-0.04042762974403525,-0.3030991304955733
3525,-0.040205586271998196,-0.30801997664648834
3526,-0.043486812213991095,-0.31267964293210654
3527,-0.045925697704636684,-0.3167943184678579
3528,-0.04804303468256065,-0.3185847187088917
3529,-0.05328577352601954,-0.32061847988933156
3530,-0.055734361845020876,-0.3226375823995898
3531,-0.06004415708924961,-0.3239212612115252
3532,-0.06228209060133373,-0.3254416544450448
3533,-0.06533481223411997,-0.32710012679406897
3534,-0.06640076927452782,-0.3281093311791602
3535,-0.06652704570932669,-0.3282203381077646
3536,-0.06651346714389897,-0.32913086367744043
3537,-0.06646173533707057,-0.32917593682383556
3538,-0.06480203129379362,-0.32893504731316064
3539,-0.0652039409151531,-0.3288460212694576
3540,-0.06546399451294935,-0.32892286905594076
3541,-0.0655931059368342,-0.3277667046646732
3542,-0.06656229733436342,-0.3269216732316828
3543,-0.06449259296852781,-0.3255972375356539
3544,-0.06438535922245263,-0.32651553822514695
3545,-0.06512448451800577,-0.32906850997612885
3546,-0.0623708821083669,-0.3318392904955642
3547,-0.060281024743606124,-0.3357214418971552
3548,-0.17556221483857595,-0.39387428650142464
3549,-0.21105404167026878,-0.40734472091499524
3550,-0.3553687115880391,-0.39055536248570893
3551,-0.2799235028136552,-0.33414198237184617
3552,0.22785932171135814,-0.23234663488891227
3553,0.19579845860209666,-0.17152653890204517
3554,0.19087435396305866,-0.19968760362906707
3555,0.1987509161132398,-0.23699138995882593
3556,0.2572972394556734,-0.18916568648110735
3557,0.31444461764864345,-0.18664338312756604
3558,0.36223895906189424,-0.18598938024380327
3559,-0.7481278336092487,-0.15194097426642553
3560,-0.8416903263204826,-0.14339021020952986
3561,-0.7123487236625915,-0.14561710982229079
3562,-0.6059572847523482,-0.15376958633049398
3563,-0.5251289466241756,-0.16977204653763048
3564,4.194646075882218,-0.19499549836976213
3565,-0.03608424967107042,-0.27730315717945486
3566,-0.043757191642427966,-0.28230016476513536
3567,-0.051360828995168216,-0.28898067230348184
3568,-0.05499245963855505,-0.2927358398393993
3569,-0.06601336205540766,-0.29810803931102775
3570,-0.0763693477131828,-0.30385391606602785
3571,-0.08332496982637665,-0.3100214152369922
3572,-0.08779717013567392,-0.31286317173765127
3573,-0.09108093643867134,-0.314858936486726
3574,-0.09267919056704327,-0.3167637618832796
3575,-0.09378602563930451,-0.3191709632513823
3576,-0.09394660608836232,-0.320580617711896
3577,-0.0939109729358368,-0.3214083399717329
3578,-0.09407616767379344,-0.3227101586197459
3579,-0.09366308781114281,-0.32445852287401916
3580,-0.09505092375604036,-0.32662901532796057
3581,-0.09832627651993578,-0.32890267870137835
3582,-0.10103077649811677,-0.3301392832600102
3583,-0.1010744948692207,-0.33157630038337454
3584,-0.10053701631493467,-0.3326382331465303
3585,-0.09999070550596996,-0.3331473356136448
3586,-0.09783702843746768,-0.33312756410945876
3587,-0.0922945041717765,-0.3319439947304971
3588,-0.0863671879488825,-0.3306027756715225
3589,-0.08009996864220557,-0.3291122300562698
3590,-0.07181527865754646,-0.3258907260880067
3591,-0.066982004795883,-0.3220696975736708
3592,-0.06082240012084737,-0.3170192408367521
3593,-0.058184463736738336,-0.31084549487730817
3594,-0.05560358539344702,-0.308862006966883
3595,-0.05547378804389566,-0.30416291428548964
3596,-0.05147294409489321,-0.30284605776751916
3597,-0.04712239012433504,-0.2982469475691044
3598,-0.043187468008200926,-0.29159646209105694
3599,-0.039740207881691164,-0.2818953725530254
3600,-0.01762058284715982,-0.6368422943537282
3601,-0.06446538742197322,-0.29667646070353354
3602,-0.13481596855435513,-0.2762744753737314
3603,-0.16489036992722403,-0.23386594383669237
3604,-0.1672946878228645,-0.19676172576235249
3605,-0.17411435948050405,-0.1738978392469328
3606,-0.17992747979102064,-0.18614656490643341
3607,-0.5522365341835044,-0.18916836080645602
3608,4.055217175743262,-0.17960736575370068
3609,4.837886198785429,-0.22026880147588335
3610,4.9554931350306575,-0.3274316694857148
3611,4.542653935218433,-0.16510610339912798
3612,-0.11810271699613958,-0.251685580919979
3613,-0.15284812597401415,-0.21946862095248318
3614,-0.1433243595821557,-0.20383072179596187
3615,-0.12986008405126606,-0.1944307745035657
3616,-0.12949844847514055,-0.1942694594186063
3617,-0.11462216927821607,-0.262039201712268
3618,-0.12283285879269988,-0.26274892675738765
3619,-0.13144935441642794,-0.26522652522546153
3620,-0.13778107828409122,-0.2677663447444189
3621,-0.14627632779405542,-0.2701548161763732
3622,-0.15466586048598735,-0.27225256560632805
3623,-0.16387797357932024,-0.27389568784397533
3624,-0.16995821292860716,-0.27606258315216287
3625,-0.17765127667362846,-0.2786149456825701
3626,-0.18350823665780353,-0.28192639867990876
3627,-0.19003882764796134,-0.2857800957086525
3628,-0.19211665013254134,-0.2903315821252122
3629,-0.19214699198922103,-0.2944105700524278
3630,-0.18881750030079103,-0.2973344351955111
3631,-0.1845460280821982,-0.300930891147218
3632,-0.17906794383396354,-0.30333819704737347
3633,-0.17202151532675705,-0.30514096625722376
3634,-0.16511231944125654,-0.30617596063553154
3635,-0.16065179640794633,-0.307472441844559
3636,-0.15394771729612883,-0.3079319450431926
3637,-0.1478970877641575,-0.30808528402821733
3638,-0.14374001144557638,-0.3075749830919293
3639,-0.13928072296998412,-0.30806161446955094
3640,-0.1334232347285113,-0.30818272961626186
3641,-0.12794541212556995,-0.3079178049815323
3642,-0.11899777910770991,-0.30747159110031047
3643,-0.1047326932058202,-0.3073483942061906
3644,-0.09233196331086795,-0.3056203179838922
3645,-0.08148589100653592,-0.3024401369647758
3646,-0.06789460249990133,-0.2929817316393185
3647,-0.060577763114605554,-0.2853620578679594
3648,-0.05314929610307538,-0.27865603916852005
3649,-0.04216183199934723,-0.2711879174303733
3650,-0.03694448194795556,-0.26692823698308427
3651,-0.031913446143465175,-0.2639399190073565
3652,-0.0214337337254138,-0.2601303554622883
3653,-0.0136682726685953,-0.25910991401032507
3654,-0.03370972005691807,-0.26064042067578796
3655,-0.03361004149758253,-0.2592806058699807
3656,-0.03556127975095552,-0.25930801767747474
3657,-0.034049859329456575,-0.2606194753344871
3658,-0.033729902181406056,-0.2615506469988232
3659,-0.033870255740644416,-0.2614336559094463
3660,-0.034457118545181444,-0.2609208806714562
3661,-0.035553454158443305,-0.2594023844285512
3662,-0.03636720016649328,-0.2528616399782196
3663,-0.03834920183116,-0.2495309975027043
3664,-0.03967995740737977,-0.24526028549336545
3665,-0.03970862730536119,-0.24646347164679394
3666,-0.040562290194830763,-0.24393448661248454
3667,-0.04237107680591085,-0.24192574002779052
3668,-0.044714304509288455,-0.24171361638328748
3669,-0.04603629366034258,-0.24385789145869924
3670,-0.0455192719861746,-0.2443523995165803
3671,-0.044178911483659815,-0.24833748571298184
3672,-0.04174735149236321,-0.250014395656067
3673,-0.03784201406072248,-0.24822980551632778
3674,0.06236182755838599,-0.24258730989107516
3675,-0.122254765106821,-0.2587647838735851
3676,-0.04306109154904805,-0.2646103100062402
3677,-0.0017452529534838963,-0.28134076438059735
3678,0.03605498150357305,-0.2964746295132455
3679,0.30824894381832507,-0.2945465346588906
3680,0.39143009240918697,-0.19734260278682128
3681,0.4034161771686981,-0.1965928187621923
3682,0.02161065610562,-0.17494479195284465
3683,-0.3324476400682994,-0.1551121406518244
3684,-0.4752896345961807,-0.14023170994827613
3685,-0.47909841956555305,-0.13348557326941446
3686,-0.46723569089938466,-0.12978057740438542
3687,0.07629686546155404,-0.25468859259089166
3688,0.07312223016610579,-0.25492630403418165
3689,0.060746709473523106,-0.2562859251236347
3690,0.050233964493174764,-0.2592952812583845
3691,0.03900883726893411,-0.2640357485905068
3692,0.027371839939514593,-0.2687301425206088
3693,0.01419629789716979,-0.2729883609569209
3694,0.0012024306246273234,-0.2771257912416479
3695,-0.006654246283268998,-0.2820442341496265
3696,-0.017340877501720788,-0.28760544348605843
3697,-0.02159708791581317,-0.29126965005157224
3698,-0.026863386601107278,-0.2944502474212154
3699,-0.029440948761152035,-0.2966912983378959
3700,-0.03223821406548932,-0.2979611347465003
3701,-0.0340231165658071,-0.300622770550575
3702,-0.037211175495062775,-0.30232441163302637
3703,-0.037322775644630504,-0.3059175019686789
3704,-0.03745362815952347,-0.3078534697522432
3705,-0.0421563365259929,-0.31035678796943855
3706,-0.04510831744395242,-0.314542956926511
3707,-0.0485687107845279,-0.3190287327468349
3708,-0.05225299851247965,-0.32213486543774256
3709,-0.05589028349556469,-0.32312402737233953
3710,-0.05627753174198614,-0.3223719132758881
3711,-0.0544267813814132,-0.3213052505936293
3712,-0.052215389064987155,-0.31844267993302316
3713,-0.05162798786690403,-0.314061027037769
3714,-0.051011071920535035,-0.3104470792326253
3715,-0.048899769299031066,-0.3087210178304063
3716,-0.046942052748201665,-0.30820743284497426
3717,-0.048081486592274,-0.3080650541683887
3718,-0.05279235851287639,-0.3083457127916192
3719,-0.052170856538096735,-0.310548531306178
3720,-0.055620522477558,-0.3150963957655498
3721,-0.05958792320487488,-0.3206664883506012
3722,-0.15360015925062107,-0.3452504664558682
3723,-0.2630799426082126,-0.3679479061075019
3724,-0.5348571641321167,-0.38559107371548085
3725,-0.6329824942521913,-0.38573148653819944
3726,-0.6418788455006306,-0.3678998467871138
3727,-0.39600948821125626,-0.3173558975945612
3728,0.1723781825626221,-0.2569631156017497
3729,0.17258817899034065,-0.23604683474262628
3730,0.20654972570205687,-0.21677445551618688
3731,0.2771177085135513,-0.2153165878466953
3732,0.3340038946223286,-0.2008495176209985
3733,0.3647319841073117,-0.15974235519383237
3734,-0.7356494900222755,-0.14349137193904976
3735,-0.7468968271345124,-0.14176130603260106
3736,-0.6774384424621251,-0.14669276730465844
3737,-0.6096498049415212,-0.15855542385482116
3738,-0.5647619041525496,-0.17306619642660326
3739,-0.02819737792808526,-0.26453407177990734
3740,-0.033643676575573635,-0.2672542622391046
3741,-0.035690447562251065,-0.26933935718424384
3742,-0.04317357935412298,-0.27473368609014687
3743,-0.05108950765137657,-0.27908625352996785
3744,-0.05716695090194114,-0.28254593038049575
3745,-0.06510620890664018,-0.2883621689275649
3746,-0.07391625385107613,-0.2956361548110309
3747,-0.07764174392927815,-0.3002627183206535
3748,-0.07987030088282923,-0.30471595581305216
3749,-0.08063886458019219,-0.3076842872398594
3750,-0.08033846688732856,-0.31032736628099694
3751,-0.07960817100583711,-0.312282297113313
3752,-0.07887383554875482,-0.31344590242400183
3753,-0.07690613256749483,-0.31538779605472794
3754,-0.0757722435505192,-0.3160104582567916
3755,-0.07580541849803657,-0.3176647000571172
3756,-0.07693274605618353,-0.31862036515280856
3757,-0.0773163362947658,-0.3202837065305489
3758,-0.07831934207286746,-0.32194710371235674
3759,-0.07952077813632195,-0.32359332642555
3760,-0.08234319773188688,-0.3245674596749227
3761,-0.08381938802512551,-0.32521039668045926
3762,-0.08251817990677393,-0.32484107223505004
3763,-0.08025162098522814,-0.3239524401013799
3764,-0.07449592567785474,-0.32136647786084266
3765,-0.06862333873734881,-0.3167977313180239
3766,-0.06226777604103261,-0.31105888329842324
3767,-0.057097545748046714,-0.3031196634120905
3768,-0.05035227225228962,-0.29731178344973863
3769,-0.046034492534701175,-0.2895128130689394
3770,-0.03962567596760971,-0.2836412942755219
3771,-0.039839540968918646,-0.2749940561380711
3772,-0.03617104195429338,-0.2684418623951635
3773,-0.033410104221803606,-0.2602576856037711
3774,-0.03128351757136593,-0.2535174168698192
3775,-0.026549784582621694,-0.24730612535910215
3776,-0.13595146211601639,-0.2764364761090288
3777,-0.13810373139738705,-0.2647787137640224
3778,-0.14759152778862175,-0.2439165862790121
3779,-0.16695433702632478,-0.21206947088633443
3780,-0.18144720928739796,-0.2092045560391926
3781,-0.18619433658080958,-0.21149393658740645
3782,-0.9519735708813486,-0.2073890662150951
3783,-0.8646651726117477,-0.2746788501303876
3784,-0.561058182354639,-0.31053273820282673
3785,-0.6489624871903613,-0.24091630296762154
3786,-0.15319637036009465,-0.26697606634401255
3787,-0.15762290099365767,-0.2253707998773672
3788,-0.15302752924366983,-0.21283419075245805
3789,-0.1532350631121613,-0.20823366903175744
3790,-0.1477402974957898,-0.2117006706775158
3791,-0.0938286620411689,-0.24773631329993367
3792,-0.102678358511713,-0.24913797051854894
3793,-0.11424089799426597,-0.2503976545738956
3794,-0.12419891569416318,-0.2515292549592897
3795,-0.1364083376028784,-0.2538672625402446
3796,-0.14804313034415778,-0.2565543231445511
3797,-0.15863657884163418,-0.2594981272472404
3798,-0.16930643438909126,-0.26242612899110895
3799,-0.17702562318790407,-0.2648325593301341
3800,-0.1851923912767767,-0.26925928017588086
3801,-0.185964400227634,-0.27390513487303164
3802,-0.18668809331239655,-0.28011627795392446
3803,-0.18451900493584816,-0.2861421437943097
3804,-0.18174578552775822,-0.2896973995819189
3805,-0.1803162709860953,-0.2934221861112397
3806,-0.17622900203794067,-0.2970739806818974
3807,-0.17440727298075953,-0.29878761658493314
3808,-0.17405853021601533,-0.3002565394643584
3809,-0.17451216995575938,-0.30061840202659185
3810,-0.1751937439666821,-0.3003773616922131
3811,-0.17432258019436178,-0.30035684774623767
3812,-0.1721560433799617,-0.2989333085310314
3813,-0.16808956183217408,-0.29784365061029283
3814,-0.15959300685363245,-0.2953798827668179
3815,-0.15192685831729325,-0.2941940446324218
3816,-0.1342791773931799,-0.2936418180058086
3817,-0.12379972658511697,-0.29330023388652937
3818,-0.11264449128961956,-0.29173208484948543
3819,-0.09763525455850462,-0.2890204459055043
3820,-0.08309725052006264,-0.28561870103356485
3821,-0.07144573550306833,-0.2826835517033863
3822,-0.06171827731175295,-0.27560874664731544
3823,-0.05275474263624755,-0.27054311504250794
3824,-0.03835102108388137,-0.26374957218006945
3825,-0.026758504033250162,-0.2614261655951953
3826,-0.017080376753971036,-0.2582524315244466
3827,-0.010310803685860036,-0.2570163627693149
3828,-0.03371140758776584,-0.2568475717468347
3829,-0.03395119731450705,-0.25833550771993924
3830,-0.03698986765363481,-0.25937595394127366
3831,-0.03483860459965268,-0.2599654057587193
3832,-0.03460407926412791,-0.2606418095592536
3833,-0.03601694128573022,-0.2609276354732533
3834,-0.036148232935578596,-0.26057942332413264
3835,-0.03632492105229407,-0.25975819792098787
3836,-0.03684084887406851,-0.26080319357812937
3837,-0.03700105765949597,-0.25871841147987007
3838,-0.03979108940497224,-0.25345937229406434
3839,-0.040818378115243116,-0.24984582395880653
3840,-0.04197347556523709,-0.24809954039721413
3841,-0.04405577443513684,-0.24399420353261062
3842,-0.047765586416113434,-0.24473031406622386
3843,-0.051508708252124814,-0.2470733450038785
3844,-0.05434360544964548,-0.2493150376637865
3845,-0.05310965111584863,-0.24953504119905853
3846,-0.053374633819877136,-0.2508033032163886
3847,-0.05184512176257355,-0.24845867068383226
3848,-0.26759681486959874,-0.20327218230603974
3849,-0.05698570505193047,-0.2322481252656891
3850,0.01563603626894928,-0.24029126988855537
3851,-0.07146637506049221,-0.24795922212531155
3852,-0.1174085967349495,-0.25829835109910065
3853,-0.022055235120082225,-0.17305059110292298
3854,0.13082456450537058,-0.18723798238040534
3855,0.1550793970539603,-0.1710922216356338
3856,0.007763642055867836,-0.1467947742028722
3857,-0.21474776165440818,-0.1294588394985338
3858,-0.367706301385699,-0.11580347500863193
3859,-0.4502918326693821,-0.11253574658830952
3860,-0.4577164982393616,-0.11345518906803904
3861,0.10671373849646991,-0.2531935681953387
3862,0.09594430881342973,-0.25402747115980884
3863,0.08694583656712541,-0.2542855535460115
3864,0.07258566263810552,-0.256596783765772
3865,0.05959210861105116,-0.2591879264898875
3866,0.04800879236548252,-0.2625692942515303
3867,0.03533826051321784,-0.2678103253452606
3868,0.02457459336762182,-0.2692715710628282
3869,0.0162941383405126,-0.27257004623336756
3870,0.008730717600609854,-0.27644153004589817
3871,0.001507508312140606,-0.2813582648351769
3872,-0.009607393035899553,-0.28514833935726497
3873,-0.015728489310732327,-0.288291991939808
3874,-0.02351311145287031,-0.2918582856057066
3875,-0.028314667853335775,-0.29729217461914953
3876,-0.03260627888522796,-0.2998648573479881
3877,-0.03460494006525113,-0.3034533567169406
3878,-0.037028561328077136,-0.30645917073944157
3879,-0.03687978853697724,-0.3091470532785522
3880,-0.04219279136642108,-0.3106531014336104
3881,-0.04223895350701787,-0.31231766194618465
3882,-0.04421877645965083,-0.3132222544446428
3883,-0.04492916746801763,-0.3129319723302187
3884,-0.04501622707888136,-0.3124517854794333
3885,-0.04554522997755748,-0.31121848752925835
3886,-0.04280795566015588,-0.3086900712600577
3887,-0.04239409879177654,-0.30723475735870714
3888,-0.04162743822815236,-0.3059837901390524
3889,-0.04003653372021753,-0.30477653698881785
3890,-0.04183612180573655,-0.30400877697481343
3891,-0.042441802963873475,-0.3036527814108261
3892,-0.04577557451156429,-0.30470629383866293
3893,-0.04871976212197487,-0.3077528315151372
3894,-0.04981194041529132,-0.31047725135596027
3895,-0.05183788062179659,-0.31492561789036005
3896,-0.15131039014774517,-0.389148601312722
3897,-0.18244277334890519,-0.39606493705881585
3898,-0.4106674724376171,-0.3879559940293277
3899,-0.5149221241380071,-0.3606279993936215
3900,-0.32125095763949235,-0.30234843723911564
3901,0.13973752682521567,-0.24087801512357707
3902,0.11053441290507848,-0.24643917737550186
3903,0.11591669353600155,-0.2358651476170825
3904,0.1569309475259987,-0.20473105495152297
3905,0.22190741297789215,-0.2152144204473021
3906,0.2874322046034643,-0.2017505449332048
3907,0.35054973778057913,-0.162575227348638
3908,-0.3502881235515316,-0.14575571339286353
3909,-0.7197900179937233,-0.14266018214525483
3910,-0.6893147362459485,-0.14838999467390737
3911,-0.6420985509578134,-0.1540692542833302
3912,-0.6034256947193637,-0.16630614741580585
3913,-0.01405276598349118,-0.26103352951180586
3914,-0.025932042274238228,-0.2630277491921898
3915,-0.0316214165621414,-0.26552750081721677
3916,-0.036264212992530055,-0.26762577744540217
3917,-0.039579307681689234,-0.2714894972410706
3918,-0.045506958838404964,-0.2768494373799689
3919,-0.05323764991729638,-0.28270374980466056
3920,-0.05936609156746091,-0.28626169651837186
3921,-0.06633766255533775,-0.2895304293161309
3922,-0.06938500508066749,-0.2955681200741999
3923,-0.07134930132844938,-0.29871998704507136
3924,-0.0727006902435933,-0.3020801857134118
3925,-0.07178609220615433,-0.3038371222967442
3926,-0.06838553299710529,-0.305707248419336
3927,-0.06701817133014641,-0.30663918916705596
3928,-0.06708999164326616,-0.3080210861573742
3929,-0.06437624907520023,-0.30872896710039405
3930,-0.06392786618837076,-0.30968656851824095
3931,-0.06423305982989888,-0.3103374085838311
3932,-0.06457445200518847,-0.31081670477558637
3933,-0.06460241994082164,-0.31187043443706985
3934,-0.06465478300901467,-0.31252026215520534
3935,-0.06439308101503681,-0.31188579914679904
3936,-0.06214965349314686,-0.31100262088692776
3937,-0.05984190372443979,-0.3088705728217598
3938,-0.05602557011748529,-0.3064533433841689
3939,-0.05184479674289712,-0.30186225831287916
3940,-0.04525668379417334,-0.29656490724269946
3941,-0.0406835452847501,-0.29227663577519597
3942,-0.03688265097737824,-0.28678679280429026
3943,-0.038408563504468446,-0.27987066382311654
3944,-0.03651731963520818,-0.27314958926392496
3945,-0.03322719421777514,-0.2688777937950992
3946,-0.0330087843217098,-0.2643506226373675
3947,-0.03047976922218671,-0.2568478993881992
3948,-0.02911440314698774,-0.252372030858206
3949,-0.14708386545494093,-0.2788760460177088
3950,-0.1371775495995018,-0.2743731839895859
3951,-0.13584179098512136,-0.26192384843953154
3952,-0.1457598065793625,-0.23929261127189858
3953,-0.16495355790296243,-0.20826613570274333
3954,-0.17353179772856114,-0.20929178001460874
3955,-0.20594439648141338,-0.20220272817881169
3956,-0.7529197568574777,-0.1899306284686817
3957,-0.5953836129960306,-0.22674158875398914
3958,4.182246679448568,-0.26730413652706153
3959,4.788751682427944,-0.2521577553696759
3960,-0.5082178496421002,-0.2853159320501063
3961,-0.05992766349141757,-0.2744822324193167
3962,-0.16991902830106262,-0.23178963948601852
3963,-0.16911589278301464,-0.21810012732911901
3964,-0.16715274499890728,-0.21519220243272114
3965,-0.07975855602528267,-0.2469477388095485
3966,-0.08891241980025846,-0.25001274303756116
3967,-0.09944798879305076,-0.2509977744874358
3968,-0.11138440306425099,-0.25545211594635636
3969,-0.11725222395285397,-0.25970788968625047
3970,-0.12572595592751426,-0.2636354606997006
3971,-0.13231199599144244,-0.2673095297672269
3972,-0.13833767856464063,-0.27212925604219157
3973,-0.14355214216077672,-0.2768622024736896
3974,-0.1457338548004179,-0.2820888403668115
3975,-0.14917450606946528,-0.2875465404067392
3976,-0.14854631638776103,-0.29223820154514324
3977,-0.14848145914411143,-0.2968939975337845
3978,-0.1476553358940549,-0.30089306187005976
3979,-0.14694602268084161,-0.30391799969113487
3980,-0.145296062825858,-0.3074139812450783
3981,-0.14558329696972333,-0.3088215609375239
3982,-0.14588884991420514,-0.31071233551298755
3983,-0.146116208343145,-0.3112556234862331
3984,-0.14438200813439567,-0.3113833562214503
3985,-0.14099501499173658,-0.3105290340373273
3986,-0.13432631221770638,-0.310100061679187
3987,-0.1274864556506376,-0.307553595121458
3988,-0.1222884848320394,-0.3054642162305357
3989,-0.11362716502807124,-0.30237774578540394
3990,-0.10690504963809067,-0.2989600261348555
3991,-0.09672683374035793,-0.2958799813163933
3992,-0.08604767610605811,-0.2922535347082005
3993,-0.0776401555772839,-0.287223537992174
3994,-0.06865866497330686,-0.2831653529556606
3995,-0.06035470924304725,-0.27721995274157046
3996,-0.05638895868812264,-0.27261906581055895
3997,-0.04912797773223084,-0.2674385341109063
3998,-0.03835555779109106,-0.26371104889717734
3999,-0.026386601121842736,-0.262135581274639
4000,-0.014755890104922335,-0.2592476651506715
4001,-0.008578254865973182,-0.25782895365014447
4002,-0.033679969705822856,-0.267744247611979
4003,-0.02921771234955618,-0.2642727397149655
4004,-0.035519391784325866,-0.25979978799349507
4005,-0.036634824448491206,-0.25983541864408966
4006,-0.040080841821311386,-0.2625252580636885
4007,-0.042082404196114385,-0.26384216707652325
4008,-0.043418201959566013,-0.2654305530873702
4009,-0.0441050980341248,-0.26552446611476743
4010,-0.04456127162366805,-0.2646494871555192
4011,-0.0466446495861326,-0.2650471319037211
4012,-0.0491212669568043,-0.2656408620705824
4013,-0.05375206367029996,-0.2660786114022091
4014,-0.05900010380368988,-0.26087806800163194
4015,-0.0667857638818715,-0.2583449789269778
4016,-0.07480397817312825,-0.25834630583471335
4017,-0.08012654332432674,-0.2523907591637876
4018,-0.08337932272570867,-0.25348644188257435
4019,-0.07815930465639132,-0.2542903516723688
4020,-0.07179005386845808,-0.2538680857857436
4021,-0.06189433835509383,-0.2530390153596899
4022,-0.0488046831201022,-0.2517617035061733
4023,0.12991543427902097,-0.21870216814913615
4024,-0.05899541840452052,-0.2531795777128588
4025,-0.033965056482879376,-0.25966118082518086
4026,-0.11455639856653241,-0.2577777701734461
4027,-0.1506766142858441,-0.16176796193507742
4028,-0.14039353811883665,-0.19908592310462944
4029,0.008131029871016139,-0.17352912757470668
4030,0.1893490286299467,-0.14730615943736716
4031,0.3316806674612472,-0.1257136320123605
4032,0.38276640767232795,-0.10858561848732921
4033,0.1501670671220576,-0.10265910851198301
4034,-0.23806296092867496,-0.09712465380478584
4035,0.10444227265055618,-0.25602323536309035
4036,0.09202059727916197,-0.2572550853507199
4037,0.07992683193114951,-0.2585509348562363
4038,0.06194858332937092,-0.2597556108215385
4039,0.0464310466828029,-0.2588539528763249
4040,0.029034706206727524,-0.26058696920480073
4041,0.016777752554258417,-0.26237297542459725
4042,0.006316317220760857,-0.2644975055095378
4043,0.0006651205213349824,-0.26592729037229
4044,-0.005314723851151853,-0.2669548624870975
4045,-0.009410242521210716,-0.26791921687491443
4046,-0.014825111159253281,-0.26919479251917544
4047,-0.017129081238798406,-0.2705164335996149
4048,-0.019997046708571654,-0.2723605537288797
4049,-0.02372131414628726,-0.27344392149079805
4050,-0.027250565297472863,-0.2746302420298816
4051,-0.030170773771985016,-0.2763432106569462
4052,-0.03171990118967257,-0.27871442703219845
4053,-0.0323131491804097,-0.28158855094760915
4054,-0.0362084929433868,-0.2831765706655914
4055,-0.03756003806938326,-0.2844839877928761
4056,-0.038465819999750094,-0.28647891537616643
4057,-0.03982066625770881,-0.28796803139409327
4058,-0.04049435455639573,-0.28825873381755807
4059,-0.04091263001710668,-0.28751940402524495
4060,-0.039624604517833284,-0.28713846084753597
4061,-0.037666795431473894,-0.2863486439961764
4062,-0.03723149087307666,-0.2853423738198593
4063,-0.036274513774668615,-0.2851349026163568
4064,-0.036311648929388665,-0.2844885061245709
4065,-0.03533874181074749,-0.28576006109906776
4066,-0.03739028633480894,-0.2866756209320091
4067,-0.04051782843965866,-0.2885767279622663
4068,-0.04126655670821065,-0.2919325806869723
4069,-0.040087531012544066,-0.2972192832660985
4070,-0.21784533356329097,-0.30715968408234273
4071,-0.20614253486566425,-0.25905913871177766
4072,-0.22689899489813214,-0.21137289615781277
4073,-0.36967126535988637,-0.1924292019442396
4074,0.16538585020758664,-0.23419435043816192
4075,-0.02037004207419628,-0.24798256573798727
4076,-0.03609257200414451,-0.26522529099257364
4077,-0.020512953153521432,-0.21611250523541453
4078,0.024783396301857295,-0.20658340376535383
4079,0.10697421347510755,-0.2205751271179511
4080,0.16088790438121556,-0.21830327925568016
4081,0.1812086102238293,-0.180010172948379
4082,0.19065005244792932,-0.1588237749935348
4083,-0.5701767222584397,-0.15290514003164202
4084,-0.6785282480807494,-0.15522166552481975
4085,-0.6704294001602822,-0.1618826018869625
4086,-0.6437245073106759,-0.17728013748618235
4087,-0.020627963338634026,-0.25802413772504307
4088,-0.027929820306465895,-0.25863273631629646
4089,-0.031440256801781766,-0.25830687956183346
4090,-0.034639756334885606,-0.25855446275360344
4091,-0.03462081117307666,-0.2595574367720312
4092,-0.03794478408716865,-0.2614604475259866
4093,-0.04228469595332801,-0.26276036327125885
4094,-0.0442622772080536,-0.265265547887677
4095,-0.046483828311059315,-0.2673059240791797
4096,-0.04543676097181856,-0.26944120279311407
4097,-0.045925791761647204,-0.27123071402881604
4098,-0.04673502962095432,-0.2736336097481691
4099,-0.04659397762882193,-0.2756547881748521
4100,-0.045883540719750135,-0.2776623208617491
4101,-0.04540876595600268,-0.27886786709527717
4102,-0.04496625653746937,-0.2799788180924605
4103,-0.04540891730539373,-0.28075697213710343
4104,-0.046515936090810256,-0.28230555468606283
4105,-0.04616659235310027,-0.28371910221327035
4106,-0.046724363410850074,-0.2858667113821865
4107,-0.047410131855048734,-0.28760845890331216
4108,-0.0473112301128568,-0.28868803919397884
4109,-0.04736634234922191,-0.2901142291040681
4110,-0.04697532066036433,-0.29016569711321877
4111,-0.04587450955752746,-0.289759331354454
4112,-0.0443983525982708,-0.28767797584340227
4113,-0.04164316965981588,-0.2845683909165576
4114,-0.04022580575897338,-0.28092021774431686
4115,-0.03886721435221097,-0.27757853864671234
4116,-0.0355852595411993,-0.27431813479367134
4117,-0.03302239632078586,-0.2697455384149737
4118,-0.03317909864973549,-0.2673374164176807
4119,-0.030932532747727438,-0.264709661725321
4120,-0.03125363341149695,-0.2599196455597809
4121,-0.030740987693746447,-0.2564127192539334
4122,-0.031180304877136973,-0.25403908244548995
4123,-0.1335965790419926,-0.2670485348093935
4124,-0.13339085675288334,-0.26714916549074036
4125,-0.1430418303787411,-0.26716024009932465
4126,-0.1535043563997417,-0.2543061201463832
4127,-0.16796488615665567,-0.22126121932592968
4128,-0.17604297633280336,-0.21758226387980265
4129,-0.13150389734870557,-0.20654791830905683
4130,-0.8107437095583926,-0.19727184679635013
4131,-0.6669284335735102,-0.24328577698561
4132,4.062133958183226,-0.19730544237524103
4133,4.757808634575921,-0.5205255141447451
4134,-0.5211829199724728,-0.2712765100485956
4135,-0.09407716848298923,-0.27120881033652916
4136,-0.15358911212996337,-0.23127981882299145
4137,-0.15125271449995178,-0.21953608912117092
4138,-0.14009095481410477,-0.21959119328824625
4139,-0.050547566092816444,-0.2329109365692283
4140,-0.057092994488392015,-0.23808267961960447
4141,-0.06423820901003045,-0.2420064621413218
4142,-0.06729001985917797,-0.24508460460891096
4143,-0.07165905966127564,-0.24725790591406138
4144,-0.07583367205606728,-0.2502449648651686
4145,-0.07870819678573124,-0.25414350483326575
4146,-0.07973212717743526,-0.2599463112863497
4147,-0.08270901184115761,-0.2652026942186362
4148,-0.08312220834951231,-0.2702527012188465
4149,-0.08116010865451334,-0.27282874315021405
4150,-0.07790151566585177,-0.2757670627565286
4151,-0.07727830866810104,-0.2775844884487784
4152,-0.07508478783434205,-0.28093825946231876
4153,-0.07234241502438672,-0.28396230527578065
4154,-0.07071591393184261,-0.2852348642716707
4155,-0.06774387149536418,-0.2858781506809918
4156,-0.0671895051813785,-0.2869510058081411
4157,-0.06826423259515822,-0.2878171278891152
4158,-0.0680754716494635,-0.2885755769277208
4159,-0.06785657688937521,-0.28740385576873684
4160,-0.06753978977005745,-0.2863117315620014
4161,-0.06587601849928514,-0.2868244489012652
4162,-0.06229878421828584,-0.28642622350593494
4163,-0.059237675012175396,-0.285358541781005
4164,-0.05645381632470156,-0.28406997070526613
4165,-0.05098356275094588,-0.28091294340651235
4166,-0.04957063732186849,-0.27881468038563556
4167,-0.04566867928841314,-0.2767894075412376
4168,-0.04630966710455096,-0.2742808630597315
4169,-0.03861472785714184,-0.2722062036784442
4170,-0.029049785427747124,-0.2683739886485778
4171,-0.020082324245107818,-0.26446525475345234
4172,-0.012592001665575277,-0.262819708214967
4173,-0.006969281151432217,-0.2617109765663631
4174,-0.0031945707237593674,-0.2596232903010103
4175,-0.0007560037416229383,-0.25822973273892746
4176,-0.03363326803248994,-0.26970242212461504
4177,-0.0422640993694388,-0.2663962486223051
4178,-0.035586256195940004,-0.2630493937210572
4179,-0.035859510712386126,-0.2591277491631229
4180,-0.03769950656647042,-0.26129109845860593
4181,-0.0390514966416074,-0.26330919585424245
4182,-0.04225186879653642,-0.26607728794169483
4183,-0.045127993488066655,-0.2680683751013783
4184,-0.04539521920941715,-0.27104574679270527
4185,-0.04730258382654871,-0.27175003125140196
4186,-0.05096255238504983,-0.27171169003818774
4187,-0.05461359500523702,-0.27128936516955215
4188,-0.06005112400386204,-0.2750827654776934
4189,-0.06747756567272413,-0.270915728271875
4190,-0.07661551681480663,-0.2692294920644555
4191,-0.08220083414022375,-0.26622579993835105
4192,-0.08930651337258516,-0.2618275139858539
4193,-0.08904881351760179,-0.25891195968270786
4194,-0.08572008910193629,-0.26256185577778035
4195,-0.08002453609352259,-0.2606974408714487
4196,-0.07157138740955885,-0.25733854027757985
4197,-0.0562535898322574,-0.26216287718850206
4198,-0.37301207543662945,-0.226086537728579
4199,0.027310974316174682,-0.2512499181795691
4200,-0.1115635628733684,-0.24566392687289168
4201,-0.14384569552702364,-0.17132060790143627
4202,-0.16380250903519394,-0.2135825540654669
4203,-0.05304574644911987,-0.19270175206365786
4204,0.15085054747454263,-0.16516501420553312
4205,0.30579238723192737,-0.14161700915920133
4206,0.3974261998258361,-0.12752676532788298
4207,0.44807261890962613,-0.11362432813666269
4208,0.49942435131062524,-0.11409034953710993
4209,0.4499720588835036,-0.11560444747728019
4210,0.09875691793349646,-0.2599955800224016
4211,0.09000439297068127,-0.26034702797238773
4212,0.07395308934765572,-0.26057629522110204
4213,0.06103797066067381,-0.25833744656269236
4214,0.044680355440189626,-0.2574324373113276
4215,0.032310749543523365,-0.2589514671864226
4216,0.01924383969800013,-0.2597863411689379
4217,0.006940673783612085,-0.2602584097754676
4218,-0.002648994487856339,-0.2591865877117789
4219,-0.00806926857135744,-0.25941862216015377
4220,-0.010144808810831166,-0.25880581476868525
4221,-0.013457671945187688,-0.25885902553267764
4222,-0.01684019846652583,-0.2600756554569449
4223,-0.019009701584523045,-0.25994221259608896
4224,-0.02227778042931232,-0.2610360444880956
4225,-0.026145742074013937,-0.2615149727254521
4226,-0.02843337172469959,-0.26238141219257655
4227,-0.02977121024033824,-0.26379298369687776
4228,-0.03149932959339156,-0.26482197670157814
4229,-0.032086936928063095,-0.26498792114268666
4230,-0.033217981921644095,-0.2656772404971488
4231,-0.034190618482115374,-0.2657475522135826
4232,-0.03408400826305652,-0.26660779629194525
4233,-0.0332282297836287,-0.26717309861387745
4234,-0.032401507470788043,-0.2675742562647157
4235,-0.03233318691920561,-0.2678476472090609
4236,-0.03225266891301672,-0.2689963567423322
4237,-0.032246870756395624,-0.2696001821012365
4238,-0.03203944498109018,-0.27102249096166503
4239,-0.03267933086538678,-0.2726619450678452
4240,-0.03608285418357314,-0.2746017007543011
4241,-0.04046905684301106,-0.277199172746454
4242,-0.04113131626323323,-0.28001551471341124
4243,-0.039281240293424835,-0.2835993692295643
4244,-0.21103596473513386,-0.18292282864075698
4245,-0.2094458835851904,-0.16819854340473364
4246,-0.21564224575085342,-0.15950929441492387
4247,-0.23360070841652836,-0.15693383155844642
4248,0.1286023871642351,-0.17726530958107725
4249,-0.02552048109400517,-0.23993119032295804
4250,-0.044584839096841966,-0.2553332531633658
4251,-0.03537456018803996,-0.20991254206125498
4252,-0.004340598920706642,-0.20192659936629456
4253,0.06644976752285749,-0.21827419013042715
4254,0.1270899583622213,-0.20457216504189044
4255,0.15982912096291085,-0.1664311952385172
4256,0.18990561629814184,-0.14508156986632761
4257,-0.40697422721869386,-0.14283420528030405
4258,-0.6149408407297191,-0.15158935723257505
4259,-0.6556765945841612,-0.16121214251565782
4260,-0.6618892315019667,-0.1791554076647138
4261,-0.6647937780488595,-0.19197353702618758
4262,-0.026795458833991377,-0.2561071387701459
4263,-0.032151002253844596,-0.25484576036822526
4264,-0.03532055292147518,-0.2536695695055073
4265,-0.03610968555553141,-0.25185682326297754
4266,-0.03918772550691661,-0.24989066366234974
4267,-0.04166375530673136,-0.2501018893012918
4268,-0.043343490666103685,-0.25101697602962614
4269,-0.0431948957722209,-0.25161267160364303
4270,-0.04305984004676238,-0.25246689046361515
4271,-0.042678858201416675,-0.25336902372636466
4272,-0.04226655848579168,-0.2549579135449481
4273,-0.04246202296850793,-0.2557393785332646
4274,-0.04225423185893949,-0.25661768965579584
4275,-0.04272774174390796,-0.2573538825103364
4276,-0.04346221080498925,-0.25796581786001843
4277,-0.04504608892243231,-0.2587969607282308
4278,-0.04477565916980291,-0.25996951963884096
4279,-0.045638173322300454,-0.26126099084542587
4280,-0.04641242264976622,-0.26229219112139157
4281,-0.04630203546316559,-0.26329352721123955
4282,-0.04704779581410826,-0.2639478659007505
4283,-0.04660329026459457,-0.2655993808767872
4284,-0.04555093698621625,-0.26637035947943893
4285,-0.04436285809213188,-0.26669944413330715
4286,-0.041222405374140715,-0.26928794415028484
4287,-0.04017685552879747,-0.2694353171337346
4288,-0.040836737640349265,-0.26877642021355685
4289,-0.03889928406854328,-0.2677803173912093
4290,-0.03633613797593171,-0.2678070855132195
4291,-0.03363291324616836,-0.26683393654510656
4292,-0.034303127476527626,-0.2658705565617838
4293,-0.03374208494949153,-0.2644470272634806
4294,-0.0318440372727708,-0.26127270909352507
4295,-0.03199727886648619,-0.25962902536917687
4296,-0.0287549847907591,-0.2567712428465266
4297,-0.14245841077868818,-0.25817549064656925
4298,-0.12911354466477834,-0.261356584794524
4299,-0.13394435795926726,-0.26152972693382354
4300,-0.14401989753752883,-0.2487219131167293
4301,-0.1578830315474605,-0.21950045449810712
4302,-0.17086746005172865,-0.21764552414311417
4303,-0.4090750890468689,-0.19896648314127605
4304,-0.7115121542162908,-0.1876617023329126
4305,-0.5751608472069123,-0.22652458663486988
4306,4.155009534759046,-0.2590176890095346
4307,4.681861329815492,-0.41057561783397767
4308,4.172202219812622,-0.4509711365614376
4309,-0.4913401627929933,-0.3061558516510208
4310,-0.1775638947910718,-0.2521276700074017
4311,-0.1748081224815214,-0.23373829511880118
4312,-0.18192322975399536,-0.2284344993868942
4313,-0.048792950065106304,-0.23210582947467684
4314,-0.05314494430274026,-0.23158328229658898
4315,-0.05995786041113857,-0.23061811405594423
4316,-0.06567055111533072,-0.23137617946630254
4317,-0.07166970336495945,-0.23152679410996513
4318,-0.07727081818020998,-0.2315721652046007
4319,-0.08126617866169764,-0.23230056019476678
4320,-0.08727946195166435,-0.23173566167902893
4321,-0.09067349376376178,-0.23272361347581447
4322,-0.09292441549313826,-0.235357055786272
4323,-0.09385561256524641,-0.23654245385525927
4324,-0.09350940023332864,-0.24168355736506342
4325,-0.09156457341555935,-0.2431372558587089
4326,-0.08780269308491104,-0.24648942484587705
4327,-0.08209968788655006,-0.2481441520583329
4328,-0.07913904801077723,-0.2506969686206563
4329,-0.07551069059469613,-0.2540071026454741
4330,-0.07328661674544792,-0.25577135707695875
4331,-0.07331130630869652,-0.2580751202780529
4332,-0.07294387460773513,-0.2592869395081859
4333,-0.07317537403979747,-0.259801539103381
4334,-0.0733576131535718,-0.26054016373808203
4335,-0.07205819799623392,-0.2630000007910309
4336,-0.07026990187496172,-0.26500340251670546
4337,-0.06773484883466266,-0.266336429830594
4338,-0.06268416843685558,-0.2673586882713822
4339,-0.05900842775766477,-0.2676165808794073
4340,-0.05564478039733831,-0.26778072174362433
4341,-0.053656775573790054,-0.26680230331644483
4342,-0.04816877625831394,-0.2679116281318057
4343,-0.04391031684461208,-0.2675508452646451
4344,-0.03780652414395042,-0.2664085543189897
4345,-0.028583961846657256,-0.2651756330678656
4346,-0.021390885495955313,-0.263281781465898
4347,-0.014243110884148022,-0.26180752606686375
4348,-0.00719206478930127,-0.259969611839819
4349,-0.001441150115118647,-0.2584768125527532
4350,-0.03346349536460244,-0.25951902143975986
4351,-0.009772145945680757,-0.2573423127187532
4352,-0.02371015299806462,-0.25639750827686625
4353,-0.03677587498459568,-0.25620272615732137
4354,-0.03360468138790347,-0.2571958573239016
4355,-0.0376138195460151,-0.2631229637676134
4356,-0.0412820076164877,-0.2664857326188326
4357,-0.04447683502941851,-0.2677422140902203
4358,-0.04760381749425824,-0.2696965021953151
4359,-0.04701237666334016,-0.2714382279297146
4360,-0.04654929310174794,-0.27256894678775495
4361,-0.04547045401255814,-0.2730787573489494
4362,-0.046588057037482755,-0.2756909029745517
4363,-0.051480044890536425,-0.2786119183546676
4364,-0.06058427449503754,-0.2793726193521424
4365,-0.07102028503408249,-0.2846777995669634
4366,-0.08231453838850017,-0.2849625142635912
4367,-0.0917711042508063,-0.2840687207981344
4368,-0.09700872716753203,-0.2833759915053487
4369,-0.09524840717441169,-0.2802940471314043
4370,-0.08929716337373829,-0.278433627862545
4371,-0.07539659447022783,-0.27802542176599476
4372,-0.059523890240102226,-0.2767376375468394
4373,-0.396169122150514,-0.2073606183658745
4374,0.15815071245898893,-0.1728590377321312
4375,-0.08181493577224166,-0.18771454222582337
4376,-0.11048001151524282,-0.21244298163734734
4377,-0.1460381232834675,-0.2092397824034688
4378,-0.13504188873731945,-0.19611515842794122
4379,0.06850155841898592,-0.16405378428832387
4380,0.230504811239725,-0.14829185608048384
4381,0.3212223331025318,-0.1354594946421576
4382,0.37139884242730187,-0.12943603108590132
4383,0.38320536461012833,-0.13172881959973812
4384,0.08283773929370604,-0.2613239684346187
4385,0.07698082333345385,-0.26128308119064925
4386,0.07191370294244005,-0.2615204915815848
4387,0.055258619890904186,-0.2597253812630589
4388,0.04117443001541433,-0.25633281980016026
4389,0.03245628858946976,-0.25639258463023257
4390,0.02154311765040682,-0.2534024462648543
4391,0.011008355174472207,-0.2516769129932744
4392,0.0010547420126624156,-0.24914667422402317
4393,-0.006087557279351901,-0.2481069168066498
4394,-0.01159564749548688,-0.24528156281543215
4395,-0.015466025234776274,-0.24225552794258737
4396,-0.018440800777302396,-0.24012028573623756
4397,-0.02144436193123856,-0.23860501323581146
4398,-0.024216211831335953,-0.23838246433919225
4399,-0.025540294546111755,-0.23768539923695117
4400,-0.02851895740256912,-0.2382459035159025
4401,-0.030044152740888022,-0.23807429792337229
4402,-0.030068179740011237,-0.23760685734318532
4403,-0.0316106618820244,-0.23787841057093556
4404,-0.03214136915215205,-0.23776201804434757
4405,-0.03292564905591336,-0.23911645009412802
4406,-0.033400410859291595,-0.2391996886648559
4407,-0.03298374685520317,-0.2396675106604542
4408,-0.031758330608386204,-0.2410079847372821
4409,-0.03043120663725807,-0.24221232919902044
4410,-0.03010518388791555,-0.24548054091582644
4411,-0.030781385128201225,-0.24917029409837502
4412,-0.03078342080735776,-0.2519401597079978
4413,-0.03048014640317369,-0.25472024982230707
4414,-0.03218855565301008,-0.2568808400546796
4415,-0.033961537621474,-0.2581117102880039
4416,-0.038012579537875166,-0.25853375322908195
4417,-0.038701860707253496,-0.2617618073790945
4418,-0.03580036350855364,-0.26549812669084755
4419,-0.2123422210111304,-0.22363272864241623
4420,-0.20347472241979322,-0.2238289801811001
4421,-0.18824632833720767,-0.24129906934949338
4422,-0.20688985644599767,-0.28159250873473546
4423,-0.07707575267902761,-0.32403174655314154
4424,-0.09755963189494524,-0.3041224697340651
4425,-0.0879354927264539,-0.1975839034520835
4426,-0.05448070806043728,-0.21512167446468627
4427,0.019439653552957823,-0.23158724858286958
4428,0.09373354530651272,-0.23430791582514268
4429,0.12179632873742074,-0.19716636530840329
4430,0.10739878640435242,-0.16938180495899757
4431,0.09317149688504361,-0.1581472801944979
4432,-0.34743206538485066,-0.15868051653338694
4433,-0.5924820818105985,-0.16801755274671562
4434,-0.6406251321814465,-0.17872351680502246
4435,-0.013907740389991584,-0.25558628860510363
4436,-0.02204184758110527,-0.2524279751196084
4437,-0.02978904625671615,-0.24728847872438514
4438,-0.03297227834721964,-0.24534586852420434
4439,-0.033495763166289966,-0.23965529008021055
4440,-0.03525201047596659,-0.23299672576965677
4441,-0.036197144336987654,-0.22982138109716913
4442,-0.03633084843470907,-0.23076482409896978
4443,-0.03633723199619501,-0.22772236801131657
4444,-0.03615128778859614,-0.22853986052689917
4445,-0.036150472923047614,-0.22904330265647652
4446,-0.036673055175571574,-0.22889976598987472
4447,-0.036756995803415154,-0.2292095557705168
4448,-0.03602529569862657,-0.23150295265786114
4449,-0.03621326500513449,-0.23232447525691732
4450,-0.03654064182747807,-0.23289219253825802
4451,-0.03685325870795123,-0.23357222993804122
4452,-0.03713195191230457,-0.23369533863710232
4453,-0.03768168641730483,-0.2349453112985019
4454,-0.038453683487020676,-0.23511258928767143
4455,-0.03885984826965463,-0.2352253326354614
4456,-0.03888234678959082,-0.23636000503916002
4457,-0.039240248411040894,-0.23561051643983696
4458,-0.039912874564630184,-0.23592206566474425
4459,-0.03906716965509205,-0.23838685395616363
4460,-0.03814334675339312,-0.2401497369226917
4461,-0.03610333837512571,-0.24436348433036653
4462,-0.03559474106501644,-0.25163304997714064
4463,-0.03449045338281203,-0.2547623711153627
4464,-0.03358197859005413,-0.2562417200315363
4465,-0.03339263990682424,-0.25837499813210074
4466,-0.033329322493051705,-0.2599266518785188
4467,-0.033977199399466695,-0.2613983251937532
4468,-0.033477153807017615,-0.26068325503810263
4469,-0.03299035230427612,-0.2594715243079038
4470,-0.03379178608727022,-0.2587842991554861
4471,-0.14643592793463758,-0.24670804634792456
4472,-0.14449351967102506,-0.25118842950570625
4473,-0.14357986440065362,-0.25677863734921663
4474,-0.1484203436086095,-0.25710335010108754
4475,-0.16226460072656182,-0.23480156620147338
4476,-0.17523095237497247,-0.2247493465446977
4477,-0.4207680362143445,-0.20082256575769358
4478,-0.7413262532602697,-0.19307632745040615
4479,-0.6543244665567428,-0.24108177232063452
4480,-0.4865068026288313,-0.16357374709389513
4481,4.58668773608804,-0.7681122523596685
4482,-0.5887679938418248,-0.26775702757388914
4483,-0.12726958324650384,-0.2608605279201742
4484,-0.1299751046813002,-0.22972301486510685
4485,-0.13197734673299163,-0.22216211740079866
4486,-0.13685869496631484,-0.2260402313141043
4487,-0.14136495689886852,-0.22105197064705645
4488,-0.04384158083133094,-0.20631322309867275
4489,-0.045550962000603365,-0.2037886743992506
4490,-0.04648157713212156,-0.20236399260599125
4491,-0.046997119856420154,-0.2022226490359081
4492,-0.04805706635230829,-0.19930055458263715
4493,-0.04908525437395294,-0.20040058161051988
4494,-0.05249455438687756,-0.2028543374131264
4495,-0.053587123134846856,-0.2080534642491263
4496,-0.05507937830408533,-0.21198250099240804
4497,-0.05428195048671974,-0.21732845173889337
4498,-0.055184122201633004,-0.2213620759616949
4499,-0.05385872691579654,-0.22421614760442657
4500,-0.05023464395427163,-0.22548071651086338
4501,-0.049388398669946855,-0.2267500837488959
4502,-0.04669045859846203,-0.22673296872018697
4503,-0.04455620888598647,-0.22416536181829774
4504,-0.04334745363058526,-0.22462558391669837
4505,-0.043220519238219846,-0.22456160565474714
4506,-0.043421272526343785,-0.22501987175436108
4507,-0.04493349830465809,-0.22338866453472075
4508,-0.044300304251096656,-0.2216320544314903
4509,-0.04457484027719953,-0.22175564958899704
4510,-0.043837211667939656,-0.22493733634560784
4511,-0.04165974793919047,-0.23124642450736255
4512,-0.042512375401373655,-0.2348357118425652
4513,-0.04140243453019888,-0.2394256032836693
4514,-0.03842748956273361,-0.24391211987724312
4515,-0.036764063717126316,-0.2496595674620443
4516,-0.03267818689544557,-0.2530122024075799
4517,-0.028753373617115836,-0.256459027980539
4518,-0.022970927494671046,-0.2592046150043011
4519,-0.01541495319364946,-0.2604417226745477
4520,-0.009136643818903204,-0.2608008634155688
4521,-0.0038952744659451993,-0.2606257128351282
4522,0.0024671850990914397,-0.25924042835992517
4523,0.004982000528759743,-0.259273607345421
4524,-0.11992715363844848,-0.25862927084757864
4525,-0.02120831307688583,-0.2575673227106324
4526,0.0009532678546911593,-0.2567208397325331
4527,-0.01798545763333699,-0.2560371883653731
4528,-0.03154139661884348,-0.25779544899539486
4529,-0.0340833660428496,-0.2600426058199777
4530,-0.037871529915318884,-0.26550121716903696
4531,-0.042461813330900364,-0.26802006591389516
4532,-0.04756480998818899,-0.26991259792476596
4533,-0.04941875992539423,-0.2738457853535109
4534,-0.05220754622606838,-0.27910955298908047
4535,-0.05642153534684151,-0.28318168394122206
4536,-0.06281541068165636,-0.2871554259817144
4537,-0.07141063471766168,-0.2887965401265171
4538,-0.08139247327566539,-0.2898001234029756
4539,-0.09054795894665767,-0.28717780948802846
4540,-0.09800418246285628,-0.284771565718727
4541,-0.10109548339052306,-0.2789606612113712
4542,-0.09821809025414739,-0.2751884426644756
4543,-0.08810755098487211,-0.2729494208168065
4544,-0.06957830162269889,-0.26956021012403936
4545,-0.05293783021981478,-0.2666429374965442
4546,-0.027758128275545763,-0.26514047374053473
4547,-0.27477912620936656,-0.22768140846411522
4548,0.4784859891317439,-0.21101838380089977
4549,0.3547365609944684,-0.12163113526981931
4550,0.244343157725333,-0.20911103839120374
4551,-0.12205175875736687,-0.21579273766428242
4552,-0.17530462312448883,-0.20856877070874416
4553,-0.1826652606897568,-0.17262866339601396
4554,0.0008983002780907742,-0.146082697234039
4555,0.1660834098739296,-0.12837895100630095
4556,0.26144381436086855,-0.12559386016676913
4557,0.29435884867486567,-0.1253656022431032
4558,0.0804177088751599,-0.26382049424020065
4559,0.0757439768179813,-0.26377696695953984
4560,0.06694279471965348,-0.26329397770504903
4561,0.05772140000573569,-0.2621830475757464
4562,0.04224797520300326,-0.2621880190798409
4563,0.02371337397457211,-0.2586397501265888
4564,0.010949902656867495,-0.2555336727180086
4565,0.001100889857850662,-0.2549118058304562
4566,-0.006482983658619612,-0.25356892262241365
4567,-0.011192983382012207,-0.2518081753065315
4568,-0.01592440673972368,-0.24948636873832084
4569,-0.017465602711127223,-0.24877531374073733
4570,-0.019755608278423945,-0.2468198399637322
4571,-0.022423181916166404,-0.2449333935684765
4572,-0.025452850963037114,-0.24256911450359098
4573,-0.02685620702847588,-0.24065338902951117
4574,-0.02833965200055091,-0.23806411134940714
4575,-0.030234744487256986,-0.23772298412558693
4576,-0.03280594433410664,-0.23714523458974457
4577,-0.03286722916292736,-0.23710581061592573
4578,-0.033616252126314056,-0.23742220657639104
4579,-0.034194919670056036,-0.23787636620082375
4580,-0.033589109657068864,-0.2387755405010656
4581,-0.03379774632145688,-0.23980351059990015
4582,-0.03343321661504206,-0.24186233764171933
4583,-0.033940670588107784,-0.24582475169143314
4584,-0.032264622304198805,-0.250593134728479
4585,-0.02972411520363107,-0.25326495579412367
4586,-0.030900820840250986,-0.25586454614755316
4587,-0.03134184922233903,-0.2584424702395737
4588,-0.03399525661214851,-0.26007785962406976
4589,-0.03292535767006823,-0.26196244674681485
4590,-0.03465950291745221,-0.2641870162586474
4591,-0.03291629640687992,-0.2674900606767307
4592,-0.032281165466944976,-0.2698986282487571
4593,-0.20316833646145882,-0.14644817678070854
4594,-0.20214264944924065,-0.13358426883980293
4595,-0.20220007595093784,-0.13257683632903702
4596,-0.26842434273596427,-0.14764647819972757
4597,0.010080437371722116,-0.1760263020316012
4598,-0.11396286065228331,-0.21810974910401124
4599,-0.12387376159319223,-0.275366731558698
4600,-0.10723429796095361,-0.2235021122722857
4601,-0.05580074267789951,-0.23394437384525635
4602,-0.007121066882242154,-0.23102540831730436
4603,0.013054169546380699,-0.19900285435628423
4604,-0.005300871286348479,-0.16891799615435277
4605,-0.027963279716734374,-0.15022039823973168
4606,-0.01641870400285616,-0.15564475592323607
4607,-0.47114112114574896,-0.15471406129789608
4608,-0.5749113169431701,-0.1719638512622849
4609,-0.0150747559402567,-0.26269050106997116
4610,-0.021520876987129085,-0.2563276235597186
4611,-0.02702975539560688,-0.2532270942579689
4612,-0.03187412673802943,-0.24827401819530936
4613,-0.03422992643722383,-0.24472436674507728
4614,-0.033403498996826424,-0.24271360105965206
4615,-0.03559563060886572,-0.23863093874968724
4616,-0.0356785670282642,-0.23471742181948846
4617,-0.035253234986997645,-0.22966767952018177
4618,-0.0341334799068769,-0.2299256208190416
4619,-0.03387575879059076,-0.23055871224045577
4620,-0.03389283902879908,-0.2294186322308408
4621,-0.0339699536231587,-0.2305743009422749
4622,-0.03485109789428543,-0.23134595482988293
4623,-0.034854925715117446,-0.2300217326303128
4624,-0.03466104626669954,-0.22971477389263217
4625,-0.034630520782578444,-0.22996476326040471
4626,-0.034634217387157995,-0.2310001578347713
4627,-0.03412763776506898,-0.2323994389778248
4628,-0.033820380982196016,-0.23316207821767967
4629,-0.03346017349861894,-0.23376385945143455
4630,-0.032921705572056884,-0.2348329992788436
4631,-0.033452971195560864,-0.23688786912686596
4632,-0.03401950648288959,-0.238264976905129
4633,-0.03507103597958593,-0.24374628777430973
4634,-0.035491357434920275,-0.24737849750460914
4635,-0.035038717909841824,-0.25217446091393353
4636,-0.033822871887061574,-0.2554474539254736
4637,-0.033455258618412635,-0.2557907625563459
4638,-0.03270355022701361,-0.25896385768332886
4639,-0.03290493252525072,-0.25999481482265246
4640,-0.03369032606209469,-0.261088650890052
4641,-0.03427224636662271,-0.26110555233438354
4642,-0.03387441868747603,-0.26043772191307146
4643,-0.03417512108755841,-0.2588978742253769
4644,-0.03329750874519743,-0.25552264569147104
4645,-0.035326212879316796,-0.25001727440748733
4646,-0.14895105520507898,-0.2472719697672564
4647,-0.14930772276844764,-0.24532601305543678
4648,-0.15326409340789665,-0.2433211759332823
4649,-0.160102071146968,-0.22955786418884752
4650,-0.17033770843784612,-0.22271575978062766
4651,-0.40328021952254134,-0.19473415191734905
4652,-0.7140233076460744,-0.1908614648267148
4653,-0.6900348421956728,-0.23773506591704774
4654,-0.5584697202658849,-0.09945785047804372
4655,4.21331877660974,-0.38967982213157787
4656,-0.5907712485044113,-0.3511839678161824
4657,-0.1312745801890657,-0.2531672372213598
4658,-0.12762006721512947,-0.22658192816764006
4659,-0.12819779941585618,-0.22104567888706142
4660,-0.12612412708500642,-0.22425983200168567
4661,-0.029721964409347185,-0.2192819665995418
4662,-0.027819219572153813,-0.21502358791221846
4663,-0.025883427412001087,-0.21079008767779514
4664,-0.02886440505983567,-0.20806378271298837
4665,-0.031922946559431425,-0.20823601587317375
4666,-0.032990311295927506,-0.20598025325966354
4667,-0.03313268282733942,-0.20630511048794944
4668,-0.03209865456847814,-0.20505244133132033
4669,-0.032282441791437744,-0.20862136877421103
4670,-0.03498276502460823,-0.2077863681720287
4671,-0.03429356036822969,-0.20804357223996908
4672,-0.034925214239323106,-0.21115801623655742
4673,-0.033917300568802294,-0.21467556763593224
4674,-0.033867288586677126,-0.21825693402232366
4675,-0.03236192229019256,-0.22013000457235513
4676,-0.0308025047943553,-0.22101165685942262
4677,-0.0290318363683837,-0.21970338174097234
4678,-0.02925012597503481,-0.22030550060200435
4679,-0.03009817695841663,-0.22170533802660333
4680,-0.02992959772550417,-0.22320484442074504
4681,-0.02831665788108579,-0.22216595227835942
4682,-0.027855987979105382,-0.22118678098028782
4683,-0.027045492333434458,-0.22179401157164164
4684,-0.025459705567026498,-0.22845218849726703
4685,-0.026018302019873523,-0.23373974675832287
4686,-0.024424207551587283,-0.23897806586377915
4687,-0.022459864305944096,-0.24540366369854938
4688,-0.01847340319361412,-0.2513848781086851
4689,-0.015569656670750689,-0.2560250223020348
4690,-0.015472368729570137,-0.26034644937587215
4691,-0.01222969248328806,-0.2640737896215126
4692,-0.010263084399313973,-0.26529240406304205
4693,-0.006846107770971017,-0.26624881386843
4694,0.0001896756233152761,-0.26593838552221244
4695,0.003905878749437376,-0.2642858111659898
4696,0.007994862511206272,-0.26330360331641434
4697,0.012314477757230206,-0.26143858755357957
4698,-0.20112712126812007,-0.25734963464352084
4699,-0.20936310806620195,-0.25581342838871446
4700,-0.1057208620502036,-0.25509810296114843
4701,-0.008283930898506665,-0.2551078242503793
4702,0.0015460439066380608,-0.25584977731072067
4703,-0.019335137740746976,-0.25714330127819873
4704,-0.032244137756335056,-0.25875494917129754
4705,-0.03320331815687223,-0.26380719203683944
4706,-0.03605946999195221,-0.2678905543564571
4707,-0.040490689716226665,-0.27213245762664007
4708,-0.04386400391400479,-0.27775222217510814
4709,-0.043769045848864464,-0.2811274569199945
4710,-0.04290482805852394,-0.28351967670299266
4711,-0.043381344635929464,-0.28479909138029724
4712,-0.04562215128489464,-0.28605538601977315
4713,-0.050936236219188004,-0.2868042579536246
4714,-0.059432087392183044,-0.2846898997425546
4715,-0.06391727315247449,-0.28540013845626955
4716,-0.06549393507363503,-0.2800728833764843
4717,-0.05929371367867861,-0.277966161082148
4718,-0.046996157161069266,-0.2762640523107839
4719,-0.025698438139983154,-0.27486256464795555
4720,0.00159728459343759,-0.2742132908410895
4721,0.46866790234002176,-0.18746439762723757
4722,0.5032349177423718,-0.12675589374471213
4723,0.4424025268418797,-0.11214608459953636
4724,0.3272416771441401,-0.1663335214966401
4725,0.11922531172786745,-0.16466361496928975
4726,-0.05260832894342767,-0.15619521686021753
4727,-0.14880077779921838,-0.1865334678806581
4728,-0.17324530952043607,-0.16812484263473315
4729,0.007474252841874215,-0.15490605688209103
4730,0.16121209008080054,-0.1490310264164486
4731,0.2420183883791557,-0.14584932901118153
4732,0.06744589195904437,-0.2595161301362414
4733,0.0633940576174294,-0.2616609203534712
4734,0.05610019409160702,-0.26242248178942135
4735,0.04659759655068016,-0.2614661196289935
4736,0.036021254801368675,-0.25712881099772655
4737,0.01862926392896593,-0.2554638727593706
4738,0.004399275317905959,-0.2528720166827477
4739,-0.006038701971798709,-0.24975239195928536
4740,-0.011913570762171389,-0.24746865861906278
4741,-0.018217364152285205,-0.24533854155711554
4742,-0.017846425302088423,-0.24311314431898534
4743,-0.021618194302459575,-0.24158086113595134
4744,-0.02507115028015037,-0.23910648374424456
4745,-0.026813293510511784,-0.23858138504620005
4746,-0.027565829039909468,-0.23770016549887305
4747,-0.02826925471659325,-0.2376462414579413
4748,-0.029008859847221284,-0.2367240426325212
4749,-0.032229158309343954,-0.23607065688292686
4750,-0.03204899007703544,-0.23574862075813424
4751,-0.03287520320837945,-0.23577103976791394
4752,-0.03319459795212859,-0.23626134113409944
4753,-0.03471460149001969,-0.23533865381194058
4754,-0.033493735348969496,-0.2359367274152008
4755,-0.033951333025888146,-0.2364399204013903
4756,-0.03395386639904532,-0.2369477866609269
4757,-0.03412710722180587,-0.23877634310976678
4758,-0.03362692344676052,-0.24247640929382283
4759,-0.0330260652580471,-0.2444312937375429
4760,-0.03377852900254765,-0.2483123259000104
4761,-0.03343824642925511,-0.2527326724622478
4762,-0.03314101435100553,-0.25344244064162563
4763,-0.03411300578657133,-0.2558019413776722
4764,-0.03534110182245681,-0.25779988329453024
4765,-0.03409180294597411,-0.2578332498836267
4766,-0.03285704400033572,-0.2586911176302325
4767,-0.22177094750289325,-0.31446666864344663
4768,-0.21619122958489156,-0.32015311123805446
4769,-0.21729149849269405,-0.3297101771367781
4770,-0.1856237306513601,-0.3149739094719118
4771,-0.13731996956205364,-0.30151136811533175
4772,-0.1434708980243785,-0.2967769840418098
4773,-0.13620518857676084,-0.2919074143559228
4774,-0.11528822012031797,-0.27085908538845654
4775,-0.03350613316698705,-0.24486909953761835
4776,0.08096011933255697,-0.2764811600798042
4777,0.11302661510531788,-0.293791666462811
4778,0.074539599452587,-0.30752827265337945
4779,0.04381033843862268,-0.29941116452458766
4780,0.007858451865800767,-0.29229481951598624
4781,0.00557513149939434,-0.2851692242057646
4782,-0.4541487502233484,-0.2789299169790763
4783,-0.01912677394689884,-0.25656305221287584
4784,-0.02547690737502629,-0.2538583001103178
4785,-0.029163155834042033,-0.24930267302911482
4786,-0.032368969591160555,-0.24449357558942958
4787,-0.033224415597200824,-0.24164774065317168
4788,-0.035169598043569436,-0.235950926974343
4789,-0.03656009036054377,-0.23128202010823667
4790,-0.035634287380864986,-0.22677904404494292
4791,-0.035852812477608374,-0.22765450951870464
4792,-0.03565329601263292,-0.22779790147548776
4793,-0.03555768020674779,-0.22742793108242257
4794,-0.035861489394320344,-0.2271094958227011
4795,-0.034827226209119516,-0.2270876687993783
4796,-0.035303088183449884,-0.22766098285874087
4797,-0.0353205414146909,-0.22797040468747298
4798,-0.0346313421589348,-0.22832486969464344
4799,-0.0344862908195882,-0.22911682793730942
4800,-0.034021585279832844,-0.22923182589335964
4801,-0.034183487920852136,-0.23035755249642523
4802,-0.0342684722943796,-0.2310863863944271
4803,-0.03447049481914826,-0.23066531106453897
4804,-0.03403899705285116,-0.23042453542769953
4805,-0.03391453863133815,-0.23198411368263333
4806,-0.033171417710934355,-0.2346823313242661
4807,-0.032378304940472225,-0.23594052755414555
4808,-0.033244395809200654,-0.24042590784956355
4809,-0.034166336497850336,-0.24658063955793763
4810,-0.03366486141175789,-0.25006100323134756
4811,-0.03303746069352373,-0.25263988396471737
4812,-0.03207170982300783,-0.2546679187372754
4813,-0.03318131722817165,-0.2567291976247125
4814,-0.033792225037477114,-0.25903304392166354
4815,-0.03446186470259335,-0.25889640188385277
4816,-0.03449942220220075,-0.25870063562969015
4817,-0.03378584041231453,-0.2586433563464417
4818,-0.035206863733994676,-0.25917392852866156
4819,-0.13376758786863363,-0.24984214872771038
4820,-0.12907187970905784,-0.2646458852981968
4821,-0.13581494097853317,-0.2585299946409803
4822,-0.13776846828718342,-0.23759631832455894
4823,-0.1565596050318737,-0.24562511553782557
4824,-0.17247117826873246,-0.28113514156550423
4825,-0.5107235248914195,-0.29415449546593564
4826,-0.7228476051348924,-0.3089639823895509
4827,-0.6075174774302513,-0.3420171639210554
4828,4.068943825355642,-0.28024245015471355
4829,4.5487948492394885,-0.7635732604270112
4830,-0.42058462717736117,-0.4868706265832757
4831,-0.37555086073424,-0.09440207047413175
4832,-0.15701426399677382,-0.12484706919746878
4833,-0.16393503685937022,-0.13959757848780954
4834,-0.17666830256317478,-0.13296475336064273
4835,-0.02937199087660515,-0.2068949900205692
4836,-0.03016008353701033,-0.20391874269164686
4837,-0.033120781058392536,-0.20343051136877222
4838,-0.033102973587762104,-0.2040222445308252
4839,-0.03387008773832008,-0.20055306109760335
4840,-0.03265061170586601,-0.20268553174607173
4841,-0.033872581532252505,-0.20327492593162003
4842,-0.03333123754101011,-0.2011682270106316
4843,-0.032341393830417106,-0.2051469529120057
4844,-0.03286372929011369,-0.20625302060814432
4845,-0.03393323480147467,-0.21113378074346775
4846,-0.03322364906046354,-0.21500186688364462
4847,-0.033066134753892314,-0.21864007279425438
4848,-0.03073418329607928,-0.22115157260143933
4849,-0.030124907682915023,-0.22094930794043632
4850,-0.03070599513032128,-0.221976493905833
4851,-0.030063283905122196,-0.22206046155527112
4852,-0.029379968987888264,-0.2208841820744258
4853,-0.028747683704233456,-0.21992913574635908
4854,-0.028201007344672024,-0.21594338479226505
4855,-0.026243543876627782,-0.2178051769029002
4856,-0.02642779768341038,-0.21994846364057805
4857,-0.026163579014788964,-0.21916533956915746
4858,-0.023232236083235405,-0.21979287943871753
4859,-0.021983048212089934,-0.22647643816256063
4860,-0.02058280796821903,-0.23181733134399576
4861,-0.020984700203423672,-0.2366593772243098
4862,-0.021745379709552,-0.24085906117477404
4863,-0.019080924289358845,-0.24535674828104656
4864,-0.013017135578212097,-0.2496801216285637
4865,-0.01138839665958522,-0.2542936947095528
4866,-0.0081484437221976,-0.25598005848751587
4867,-0.003461945093626854,-0.25762266384425003
4868,0.003970604612663392,-0.25853335496068225
4869,0.006861813910509814,-0.25968808242324315
4870,0.008813553102290506,-0.25938557684973634
4871,0.009202177764697962,-0.25994229519124074
4872,-0.1885970629668018,-0.25808364398574707
4873,-0.1952343225759985,-0.2568891066433922
4874,-0.20561038566020365,-0.2556537123064857
4875,-0.09466445222053829,-0.25589632922986283
4876,-0.0218425879488318,-0.2569747996520267
4877,-0.006215864450822567,-0.2575473102156406
4878,-0.01970207861623945,-0.2576520018203799
4879,-0.031799778818775104,-0.25924591563769256
4880,-0.035191992329518716,-0.2636427370470901
4881,-0.03657629820064788,-0.26828825064671485
4882,-0.04195179667623386,-0.27272149618115077
4883,-0.04398447496608754,-0.2812667402341231
4884,-0.04608865925049994,-0.2861247222067788
4885,-0.048503275429377636,-0.2877145321205419
4886,-0.04916093965735722,-0.2868137305887244
4887,-0.049743795237859066,-0.2838543365551902
4888,-0.051751293149894614,-0.27836592090604767
4889,-0.05440116093190551,-0.27490448318872057
4890,-0.05546617393673869,-0.26648496719416953
4891,-0.05149357820511132,-0.26410028071035396
4892,-0.04287039571112314,-0.26214121151089437
4893,-0.028409684904283517,-0.26079243473033
4894,-0.00882895433224531,-0.25866757174640087
4895,0.010776541500120291,-0.258339950298564
4896,-0.38671944822643245,-0.10520747086341999
4897,0.46308176711630367,-0.12806846911861366
4898,0.5203350671926527,-0.1743981388410992
4899,0.4714034125196907,-0.197003087375058
4900,-0.1136481889603596,-0.2063752632929551
4901,-0.18634371827923174,-0.21121698746173218
4902,-0.2057969465395143,-0.1914958910894833
4903,-0.15963692068779192,-0.17436897613015856
4904,0.012528596096493292,-0.16538065619468348
4905,0.1547747138185976,-0.16132335264045852
4906,0.22398013461596958,-0.1601656377293749
4907,0.06455233986780123,-0.2627723426305321
4908,0.06422781717125282,-0.263207489053195
4909,0.05756599871471725,-0.26424860663605115
4910,0.045697722046781214,-0.26397748779833924
4911,0.037990414715706966,-0.2640002758436946
4912,0.023890420531706213,-0.26380049536011746
4913,0.010347949314635996,-0.26328804386915733
4914,-0.0015007139241192664,-0.25983929790218246
4915,-0.010194652595062349,-0.255878143329492
4916,-0.015199927181694817,-0.2560060512270742
4917,-0.017325498880184174,-0.253047200517131
4918,-0.02143209785522441,-0.25130787601731025
4919,-0.02344335985422652,-0.2490735646255735
4920,-0.024240757235851083,-0.24852415728953078
4921,-0.026354441693204524,-0.24605989317487081
4922,-0.029559968809356747,-0.2442433220386404
4923,-0.03129467718784375,-0.24251115523092528
4924,-0.032785844791384924,-0.2414799957695904
4925,-0.0331720899794777,-0.23958442286077453
4926,-0.03369634448546963,-0.2399568806925754
4927,-0.033758952022862325,-0.241593959298553
4928,-0.033704205067472216,-0.24166131503520788
4929,-0.033880799607663346,-0.2446864008057701
4930,-0.0331480228537709,-0.2469305985817414
4931,-0.034039205958653805,-0.2493882035099785
4932,-0.03433992300612072,-0.2514800567643347
4933,-0.034491567789486255,-0.25326677012987786
4934,-0.03435345764322302,-0.2547479258327718
4935,-0.03470007911966806,-0.2558514823374964
4936,-0.0336406521485324,-0.2580306544685904
4937,-0.03300356510367783,-0.25989547959832826
4938,-0.0352030795971076,-0.2624532087347225
4939,-0.03274064041217154,-0.2662003602062123
4940,-0.034177673130138114,-0.27003828071859826
4941,-0.1984177263245263,-0.14128698509417162
4942,-0.19043637081903714,-0.13479784840784248
4943,-0.18105774765209154,-0.1319228974388213
4944,-0.07409015580006668,-0.13926465972547433
4945,-0.17400508515797605,-0.16004658889669687
4946,-0.18005669946920283,-0.21038709432827135
4947,-0.17496986344355772,-0.2352096742799298
4948,-0.15298682637699684,-0.24190154835157185
4949,-0.09409047189378421,-0.26250743619096906
4950,-0.003194919032741984,-0.2512451321469893
4951,0.05597536531583901,-0.22685003484777955
4952,0.043974578682846495,-0.19470744396875453
4953,0.015265447380019927,-0.1721211468321021
4954,-0.024304754730233438,-0.1683351015156801
4955,-0.04455321661894214,-0.173095382546741
4956,-0.055785254797679804,-0.18254977684272972
4957,-0.3810617442678731,-0.1858894416323853
4958,-0.025116335665027027,-0.2563624303350147
4959,-0.027396906358994888,-0.2549532157407265
4960,-0.03022928051687295,-0.2511217009565695
4961,-0.03199899121641931,-0.2467020488138441
4962,-0.03364278559994352,-0.24414789918219165
4963,-0.03506526946238548,-0.2407944204818507
4964,-0.03565295021920771,-0.2398935218482205
4965,-0.035580393170835195,-0.23676494113521077
4966,-0.0345518241436053,-0.23338501348255627
4967,-0.03375300397016669,-0.23035661987839112
4968,-0.033611927726239166,-0.22875175787954086
4969,-0.03417485213014752,-0.22884223617286423
4970,-0.03429413036716839,-0.22956386425990033
4971,-0.03382125066987292,-0.23064034570470565
4972,-0.033553395424702315,-0.23114549195953982
4973,-0.033707932189139436,-0.23128829422633146
4974,-0.03308143104573437,-0.23142810658717283
4975,-0.03280056757007118,-0.23209921086761373
4976,-0.03215554753644561,-0.23321611010466858
4977,-0.03207576894684479,-0.23363416528918646
4978,-0.0323026030479523,-0.23475620991836185
4979,-0.03156967080224487,-0.2367305262462152
4980,-0.03149459714605763,-0.2393638990221555
4981,-0.030669587515659923,-0.24180037312373684
4982,-0.0307801020749629,-0.2451844718797121
4983,-0.03057161022920297,-0.2487192542673262
4984,-0.03114411385285954,-0.2530334477395097
4985,-0.03130993391454531,-0.25438131852119245
4986,-0.03208641725658553,-0.2569554808540784
4987,-0.032352197464546026,-0.26112560267041823
4988,-0.03258371422714546,-0.26174596709685394
4989,-0.03242677898468939,-0.26411135153809967
4990,-0.032492281082633634,-0.2649379793182813
4991,-0.0325112764266836,-0.26580803814604514
4992,-0.03383812977829134,-0.2644765559432156
4993,-0.09170385366616202,-0.23685084182962904
4994,-0.15503346051519323,-0.23941632107408944
4995,-0.1346487863307341,-0.24211744841458896
4996,-0.13879427712530495,-0.2566917033244419
4997,-0.14355981501151105,-0.27722791901176114
4998,-0.17172768011778902,-0.2707458793740871
4999,-0.19439655832868205,-0.21751139883778517
5000,-0.9002103180754268,-0.2462638528667553
5001,-0.9122886561015227,-0.4447953972221582
5002,-0.7485494013671816,-0.4393932607414048
5003,-0.6654326736521011,-0.3588072622813842
5004,-0.1413097868299548,-0.2614104231109417
5005,-0.1414040006072491,-0.20864793593893408
5006,-0.141534665306774,-0.203275266700393
5007,-0.1384587439778443,-0.209492478339792
5008,-0.14418971156432728,-0.21602589046281967
5009,-0.031593332959100266,-0.21846405048691886
5010,-0.03121613584234692,-0.21236649254143097
5011,-0.02949040932109828,-0.20711596055208284
5012,-0.027199144707444896,-0.20336283339189276
5013,-0.029565857167118362,-0.20139800826077656
5014,-0.027725842382993453,-0.2022495026248594
5015,-0.030735685920260197,-0.20458112234957865
5016,-0.029709803817533915,-0.2010940340883023
5017,-0.029420994880655034,-0.20317106934194307
5018,-0.028935851868956933,-0.20606594337647796
5019,-0.03052331164663584,-0.2059219748166395
5020,-0.028339048654749937,-0.20906024979330745
5021,-0.027177046264791022,-0.21063904156973864
5022,-0.02619311958800817,-0.2123114825856851
5023,-0.026176239178795538,-0.214144216198817
5024,-0.02601174531913527,-0.21697589329737163
5025,-0.025486199835104695,-0.2196300338234292
5026,-0.025993195124294665,-0.2191110152103582
5027,-0.02567991699252169,-0.21890657385110487
5028,-0.02521132640039961,-0.22014442265725684
5029,-0.02481487270001313,-0.22170810980541392
5030,-0.02501306104949131,-0.22650288685108913
5031,-0.024934794591032913,-0.23035057170371626
5032,-0.025231821520594205,-0.2338387299218565
5033,-0.024227598279073788,-0.237495000795851
5034,-0.021813605929363454,-0.2428531008015935
5035,-0.021313615756110026,-0.24890874931486467
5036,-0.019851960228462716,-0.2548540999206401
5037,-0.017762902867725475,-0.2585003827071859
5038,-0.013582639010887531,-0.2610889286175801
5039,-0.008885206507273778,-0.2642115579587091
5040,-0.003404568781303865,-0.26706993261426
5041,0.00031453421578192173,-0.26850426733158406
5042,0.004890377065811999,-0.2685283885662812
5043,0.015327235198003924,-0.2674404407201731
5044,0.013875275386884722,-0.2658894504375758
5045,0.013815812063614015,-0.2642961460727336
5046,-0.15601492310004028,-0.25550367597100526
5047,-0.18344129037007076,-0.2532118874041722
5048,-0.19671255139711796,-0.2537691802622991
5049,-0.2000894902652294,-0.2555734158548902
5050,-0.1850079322481269,-0.2569649319266393
5051,-0.07223802774794884,-0.2576821138768742
5052,-0.01989872298980132,-0.2593735994007714
5053,-0.01366276339239246,-0.2598220418455472
5054,-0.026028017088122787,-0.2593514088951571
5055,-0.034009161420243225,-0.26055694777030847
5056,-0.03673053689612666,-0.2645635308714388
5057,-0.03708366766977013,-0.27044139000555617
5058,-0.04341446924426663,-0.27665803920092963
5059,-0.045108802110410184,-0.2852757850189741
5060,-0.048215409167393135,-0.2905216805438869
5061,-0.05375864137090078,-0.292980631389713
5062,-0.05871464307460947,-0.2890096401009259
5063,-0.06182421283997403,-0.2802801826515069
5064,-0.05840072988433373,-0.2700681691845881
5065,-0.049820078454665594,-0.2577048623074737
5066,-0.030400231841933936,-0.2582521194142366
5067,0.0029049300520470043,-0.25593009651010223
5068,0.0514388205296327,-0.25025593163890913
5069,0.10400649144776375,-0.25487755745148005
5070,0.6003531697798137,-0.17877306598136666
5071,0.6077832904669032,-0.09231966480624683
5072,0.5977143149696345,-0.06694040245049186
5073,0.5148500056307759,-0.08358442568306858
5074,0.37323860811135606,-0.17799143679538218
5075,-0.32591839473624795,-0.21093331787565323
5076,-0.4009677912194492,-0.2362120055181318
5077,-0.3900804529017686,-0.26751882399830434
5078,-0.14770649230900346,-0.2898696918041737
5079,0.020181616130723605,-0.1577390417511212
5080,0.14395478188559427,-0.15250447174023693
5081,0.055960537025188384,-0.2577823775732749
5082,0.05883651223328168,-0.2635591001458197
5083,0.05523592815899254,-0.26384716603285335
5084,0.04820330656004431,-0.26445267586284993
5085,0.035828769622850115,-0.2649749052066118
5086,0.022578389156777172,-0.26362431645705425
5087,0.005647165544459953,-0.26012016214811245
5088,-0.0039466675729506896,-0.2560877225149288
5089,-0.011899079995787723,-0.25500663891538833
5090,-0.018942435910618057,-0.253001453334407
5091,-0.020677392077068844,-0.24977627177630563
5092,-0.024715014778352112,-0.24815834557637217
5093,-0.028758714379200617,-0.24740945295285877
5094,-0.03043691666008133,-0.24600719355419956
5095,-0.030339856908793105,-0.24522896620096532
5096,-0.032078755922514905,-0.24469502032656887
5097,-0.03292876796272413,-0.243686640861434
5098,-0.03349631030147046,-0.2431521771583318
5099,-0.034622338470221524,-0.24225131577715928
5100,-0.03497459534382521,-0.24141507449059424
5101,-0.0334226964857056,-0.2408744331600567
5102,-0.03424957385890558,-0.241052217970762
5103,-0.0340482095490736,-0.24227872007520387
5104,-0.0343162599737331,-0.24509107738022004
5105,-0.034314095818100326,-0.24652006749175612
5106,-0.03395118237172013,-0.24872627787303278
5107,-0.033857431265462146,-0.2513105950442913
5108,-0.03386359915521945,-0.2533732654901661
5109,-0.03321551931826697,-0.25500894812714003
5110,-0.03356271791767483,-0.2565214970187282
5111,-0.03381512637972613,-0.2594468631405541
5112,-0.035012089868810464,-0.26151676085641445
5113,-0.03343106562076103,-0.264549862716028
5114,-0.0313320267013363,-0.2683545960056376
5115,-0.027761005669412787,-0.2734304662260611
5116,-0.16664526840095337,-0.13607135866259795
5117,-0.1648236007989141,-0.13415440305790982
5118,-0.16111101085063137,-0.14001340009915147
5119,-0.13099972895546053,-0.16073872193933672
5120,-0.1387816397285631,-0.21165929088977475
5121,-0.14489400108410694,-0.26479078245381626
5122,-0.12912769266690746,-0.31362342452873654
5123,-0.07777940791990359,-0.28335083526926663
5124,0.03193750833355123,-0.23339416615424108
5125,0.0829935705461698,-0.240597543518869
5126,0.04780959098516434,-0.24387217580415976
5127,0.00709099191087748,-0.2461864370831491
5128,-0.03630308966600085,-0.2424049465310392
5129,-0.06060469046742848,-0.23796016368343836
5130,-0.0743576925256929,-0.23967698971093962
5131,-0.014589616675181674,-0.26075528140872706
5132,-0.025326258278539317,-0.25647621009351884
5133,-0.029479389449045833,-0.2520726750957163
5134,-0.03334020121754099,-0.24689221500519898
5135,-0.03779971063156053,-0.2420041422376459
5136,-0.03705137095263185,-0.23867960384541617
5137,-0.03657034822248743,-0.23286906573354996
5138,-0.035654814196296764,-0.22713022963163024
5139,-0.035362608713806906,-0.22612418634497197
5140,-0.03576406228762126,-0.2251775219592191
5141,-0.035249883012618305,-0.22565216266467103
5142,-0.03320332887856698,-0.22665298918336554
5143,-0.03439139833550824,-0.2270049931132511
5144,-0.03328299304940561,-0.22792844092585032
5145,-0.033800939840637395,-0.22854228493661902
5146,-0.0342972848222709,-0.22892306531268028
5147,-0.03443507640119972,-0.22955833557709882
5148,-0.03431373798820294,-0.23028855022676523
5149,-0.034673980659929306,-0.23022452679613953
5150,-0.03423353492685351,-0.23061299490615222
5151,-0.03372929435320001,-0.23163979587381683
5152,-0.03332255132249596,-0.2347907627658384
5153,-0.033004561487851865,-0.23746390576869933
5154,-0.03262880801423399,-0.24026882024760993
5155,-0.03223159629744966,-0.24413442029630844
5156,-0.033333431544221484,-0.24676522387382227
5157,-0.03310414974039421,-0.2506723710299117
5158,-0.03335346364248172,-0.2523619108790469
5159,-0.03377883205869208,-0.2559651426338951
5160,-0.03338979689614561,-0.2588411934389425
5161,-0.03342320685335418,-0.26006316295909904
5162,-0.03320875908473666,-0.2615768016604049
5163,-0.032688153288954976,-0.263509365978861
5164,-0.03223868803233681,-0.2654128738067535
5165,-0.03169257534656586,-0.26667312589652065
5166,-0.031247214562512098,-0.26705208859446056
5167,0.05942238653205613,-0.24800316579900045
5168,0.049255263714031876,-0.2799824850972744
5169,-0.15167563450512644,-0.26560147599459244
5170,-0.13625546521666146,-0.22619592615985595
5171,-0.1475849089497174,-0.2533906379982293
5172,-0.16736959595102704,-0.3464000131228439
5173,-0.19674618186640222,-0.3120785794930668
5174,-0.8001749311207174,0.042833002344366454
5175,-1.0022837267315325,-0.4880032853777862
5176,-0.778066861957658,-0.44253482235445896
5177,-0.32715761306094626,-0.3175800180458153
5178,-0.15109036116019345,-0.23750308923504274
5179,-0.14395430557727193,-0.21005653090850568
5180,-0.14379517992433843,-0.20820998087697493
5181,-0.1467666879705501,-0.2139658499258786
5182,-0.1539647690387167,-0.22114396435224662
5183,-0.03133045407291924,-0.21965433047341207
5184,-0.027691669656041393,-0.2157250900636806
5185,-0.026098730596691936,-0.21136688174055682
5186,-0.027829700079752797,-0.20873896191575408
5187,-0.02618321210632375,-0.2071973171980354
5188,-0.02692407569612878,-0.20621489564879594
5189,-0.027340355807959394,-0.20453742997740362
5190,-0.027983824670124002,-0.2069218839162363
5191,-0.029305407072687733,-0.20389525146277634
5192,-0.026969074283291778,-0.20519123869326905
5193,-0.028965561734647597,-0.20820073569158484
5194,-0.02718171128824767,-0.20838310343931588
5195,-0.0268338078342074,-0.2082234565009268
5196,-0.029450253312960525,-0.2088668042299939
5197,-0.027312572157195025,-0.2118607308287683
5198,-0.0264402205279119,-0.21524315089262994
5199,-0.026120456659210763,-0.21705827855082674
5200,-0.0254225249965871,-0.2175488514961546
5201,-0.026229015005941592,-0.219183650566189
5202,-0.02626432572245642,-0.22111647102062265
5203,-0.024490291563218778,-0.22422600658259215
5204,-0.023363686744778858,-0.226929445396191
5205,-0.023829946908329704,-0.23079400192555433
5206,-0.02361917969839021,-0.23487511576926337
5207,-0.02254131609231652,-0.23952828548402136
5208,-0.023443048424641642,-0.24212761072642944
5209,-0.020052120079898685,-0.24948458493233036
5210,-0.018088837767323486,-0.2540019065554516
5211,-0.014472280847682217,-0.2585859249292477
5212,-0.010517777403352977,-0.26193688614851635
5213,-0.008611708097325648,-0.2643098274566859
5214,-0.005822553067542264,-0.2661491305846041
5215,-0.0003995046467618655,-0.26703948948715445
5216,0.006459024145143446,-0.2675078490485914
5217,0.011665102491448582,-0.26687786625737586
5218,0.011407999394012824,-0.26622370537110623
5219,0.012053167735996755,-0.2641266114885515
5220,0.09030566311068682,-0.2557385421745934
5221,-0.12477330711615625,-0.25344126158603636
5222,-0.17617308883436994,-0.2531259939012327
5223,-0.19028673052928732,-0.2539636190737187
5224,-0.19640326991535478,-0.25627761650624664
5225,-0.16472298635739546,-0.2575999482443027
5226,-0.06625927661069733,-0.2590817037426096
5227,-0.02851303225816889,-0.2607234996273694
5228,-0.024877433833756298,-0.25921839029189475
5229,-0.032008425417444634,-0.25836019613085814
5230,-0.035947129055992885,-0.25985998747594125
5231,-0.036749269676637684,-0.26371343621277105
5232,-0.03490239389907742,-0.2686365459672368
5233,-0.0396364983045271,-0.2734226270533942
5234,-0.04304608000506069,-0.28250230804424986
5235,-0.045192607504520706,-0.2877439323550635
5236,-0.047530837263245015,-0.28656415873368624
5237,-0.05168940832010053,-0.28444426017679664
5238,-0.053762030884850875,-0.27375960386241255
5239,-0.052715232414784007,-0.2621462535306134
5240,-0.041963501120412645,-0.2565266465716358
5241,-0.01888830251360661,-0.2559361254274783
5242,0.016964181849909447,-0.2521813360378575
5243,0.06450118189909063,-0.25015216563021875
5244,0.11599237575419803,-0.25650345824881077
5245,0.6173853234283594,-0.10090774219909103
5246,0.6227477948238747,-0.014876117923789362
5247,0.5960856781384672,0.2525097637491097
5248,0.5001651151730271,-0.14037087946352123
5249,0.3040932311290259,-0.20505969097677382
5250,-0.3868755581352748,-0.22475827947278368
5251,-0.38304799427469377,-0.2437701854624659
5252,-0.21355952496070452,-0.21066377997350497
5253,-0.11078898398864932,-0.1868217462112807
5254,0.052879236538081284,-0.18590883476446882
5255,0.1507557114392733,-0.18548007672745367
5256,0.052307946450970005,-0.25867121524321596
5257,0.04939898134208043,-0.2629561995543167
5258,0.04764749428965036,-0.2644720433834764
5259,0.039953727635571853,-0.26507488815191044
5260,0.025701822692143255,-0.265134957422121
5261,0.009748429538877728,-0.2638963697744191
5262,-0.0025941685204501647,-0.26032111822404486
5263,-0.010841826031948961,-0.2560421333502181
5264,-0.01633950632365163,-0.2559568392334823
5265,-0.020414813189961654,-0.2537601044128165
5266,-0.023647307596326196,-0.2517687758683417
5267,-0.026389696763229543,-0.24910763098095098
5268,-0.02792576791209344,-0.24761765001213015
5269,-0.030840438013772613,-0.24672499174539322
5270,-0.03271095751690037,-0.24499800689400628
5271,-0.033590699049302494,-0.24423524934218527
5272,-0.03388849249812371,-0.24380579390711926
5273,-0.034820715033560296,-0.24316031744573632
5274,-0.03478947784674913,-0.24338394807129068
5275,-0.033696276370608375,-0.24468923050791697
5276,-0.03374934902127548,-0.2444254175967271
5277,-0.033816471244328544,-0.24657773464902397
5278,-0.033646791860919276,-0.24784801790685493
5279,-0.03334265531478454,-0.2481772069022816
5280,-0.03324194714545861,-0.2500853474795708
5281,-0.03371992080506936,-0.251420657354246
5282,-0.034370615757107176,-0.25329070029597855
5283,-0.03339662270797042,-0.2551227674583564
5284,-0.03437228499641198,-0.2560007510589384
5285,-0.034236181191466465,-0.2586475034695029
5286,-0.031048273129727837,-0.261419711373249
5287,-0.02528869561423656,-0.26501156410427085
5288,-0.022128656293201755,-0.27112934854388177
5289,-0.18029840289230706,-0.16025478576185612
5290,-0.17587151892795586,-0.14522420862773638
5291,-0.17223681906554297,-0.14065608945550115
5292,-0.1743070726216721,-0.14513635977508368
5293,-0.12308551871645491,-0.16708226318414462
5294,-0.26517845500181025,-0.2122119330019974
5295,-0.13997999046590964,-0.2641113156132154
5296,-0.12952249278643038,-0.3160183000741594
5297,-0.07014674247396548,-0.28487745804870895
5298,0.08027720910624765,-0.2796929646180224
5299,0.13471612538585065,-0.13635359911700917
5300,0.10327939514542499,-0.24250927739548328
5301,0.06229315547373494,-0.2520951659264998
5302,0.01717249384072934,-0.253639226639688
5303,-0.0017744569901909672,-0.24998085912171777
5304,-0.02202401859094799,-0.24461774280194162
5305,-0.017646466395324214,-0.25987850407761615
5306,-0.025833555494952337,-0.25635309903550657
5307,-0.02914017447968449,-0.2558486827135439
5308,-0.03333649213738873,-0.25093287042362644
5309,-0.035263564889022304,-0.24743852795467622
5310,-0.037127025213043875,-0.2423884893903837
5311,-0.03553543952551504,-0.23930654961744363
5312,-0.03551913505368256,-0.23759699874986748
5313,-0.035472063644196306,-0.23499769987254823
5314,-0.03477117124418006,-0.2337335330883741
5315,-0.03389910400660757,-0.2326048139836371
5316,-0.03403234462070132,-0.2313304159724033
5317,-0.033197571726234755,-0.2306991588811318
5318,-0.033580082107574266,-0.23103186895909106
5319,-0.03371265158836411,-0.2325672179110179
5320,-0.03422359166776076,-0.23364686490298464
5321,-0.03379859356306346,-0.23361318204535483
5322,-0.033288548157479496,-0.2337938348815873
5323,-0.03293366756770751,-0.23442961470696994
5324,-0.03278413905401974,-0.23457150191368406
5325,-0.032571324437329685,-0.23457206135481554
5326,-0.03225411132409012,-0.23591936886100962
5327,-0.03150068320157853,-0.23766682455471003
5328,-0.03091915319629605,-0.23980916896099974
5329,-0.0306469127242171,-0.24271650746443713
5330,-0.03087703295113998,-0.2453801163313445
5331,-0.031076063130081,-0.24812594091009665
5332,-0.03087557735896378,-0.25093588251208715
5333,-0.03175047558184859,-0.2538479657022904
5334,-0.032234134541492085,-0.25730145352755174
5335,-0.032642115407932694,-0.259242368533435
5336,-0.033358428492919506,-0.2607348453849972
5337,-0.03371718629824938,-0.26325241448687153
5338,-0.03336209289560876,-0.2638630356171079
5339,-0.03299581751298474,-0.264445003524625
5340,-0.03376584043945504,-0.26363076795270013
5341,-0.03629774190250737,-0.26110868596989956
5342,-0.07876928600410407,-0.2787652980279815
5343,-0.13298595243890798,-0.2613358050372655
5344,-0.14412685023087748,-0.252285707093234
5345,-0.16110919745158342,-0.2725235782614629
5346,-0.18201666306756023,-0.3049718336444132
5347,-0.19362798365235698,-0.37550309685411565
5348,-0.9664519478429277,-0.4222806000438822
5349,-1.0514163225726243,-0.5057300407475842
5350,-0.6289146548483004,-0.45273234929077905
5351,-0.153070335888177,-0.36344565348131547
5352,-0.1495673582772379,-0.2739254112615474
5353,-0.1385133687989482,-0.24371346418687717
5354,-0.1369262212165949,-0.239803828008002
5355,-0.1448592651963859,-0.2403434642988248
5356,-0.15404296309366028,-0.23793732204480414
5357,-0.033601467147236344,-0.21876458939676752
5358,-0.031196283469974002,-0.21682265277224844
5359,-0.02601413283312541,-0.21376069580971052
5360,-0.025394730033594166,-0.21349991139173113
5361,-0.02391119300707876,-0.21146139571033246
5362,-0.024515292576734883,-0.20901716991437677
5363,-0.025944667881575505,-0.20881480994368037
5364,-0.026178184081615503,-0.20832724742226613
5365,-0.02663265011684342,-0.20626550534663826
5366,-0.026766726258015447,-0.2052576379286778
5367,-0.026613613214436883,-0.20794329324351865
5368,-0.024883769057752556,-0.20681215998421396
5369,-0.023180197066183187,-0.20603461366520562
5370,-0.02384076181712322,-0.20794017431309184
5371,-0.022626883569754754,-0.20833779172934264
5372,-0.02258661003858667,-0.2094069139337759
5373,-0.02184966247712272,-0.21416200921839157
5374,-0.02171567445392214,-0.21610569102869132
5375,-0.023066489363485976,-0.21731141195448958
5376,-0.02190223165550973,-0.22019691284169166
5377,-0.020616835119043612,-0.22101868487132437
5378,-0.01979821641002244,-0.22396527455839055
5379,-0.019262861860447563,-0.2250862940755666
5380,-0.01951760896720369,-0.23058599051323217
5381,-0.017844199703246223,-0.23359073699566268
5382,-0.01677427098266752,-0.23647519099528858
5383,-0.012745992602858342,-0.24286354676681718
5384,-0.010372123900799052,-0.25087407923053856
5385,-0.00778299996269372,-0.2572787806690583
5386,-0.001324803153580462,-0.2615352161610311
5387,0.0020101198686710525,-0.2643639160375927
5388,0.002426926707045962,-0.2668761358079773
5389,0.006803271277220372,-0.2688728447870507
5390,0.009682567587033643,-0.2694639604723112
5391,0.01089415515550869,-0.2689835599853684
5392,0.009171392480097792,-0.26945385705781155
5393,0.010637574479400001,-0.2667438690527007
5394,0.03631812031608463,-0.25740947334093034
5395,0.014940609885957348,-0.24996560709947582
5396,-0.1424557425842701,-0.2487438678503397
5397,-0.17315727055944014,-0.25070066171671596
5398,-0.18068239019684776,-0.25309828864593875
5399,-0.18928621828899936,-0.25584784868538063
5400,-0.19942303019286406,-0.2577558375969165
5401,-0.1100185773840101,-0.2594931934963662
5402,-0.04773288905432966,-0.2610823666881056
5403,-0.027319690813941117,-0.2604300145887425
5404,-0.029901763941830747,-0.2581466226738913
5405,-0.03332299759343094,-0.2576357242068327
5406,-0.03649409203552035,-0.2580327329364218
5407,-0.037761411608532434,-0.2614630122269139
5408,-0.035405570006628355,-0.26826099918130963
5409,-0.04161191582037401,-0.2752361113205365
5410,-0.0457340784754134,-0.28422231965839545
5411,-0.05044095381196893,-0.2848069139478267
5412,-0.05503735342772517,-0.2815139946049426
5413,-0.056148646182416724,-0.2700239364988749
5414,-0.05112186657649262,-0.25513670543130845
5415,-0.03592782945098533,-0.25249596208544656
5416,-0.004323917684462194,-0.2488624786344245
5417,0.04635324814279064,-0.2466902144514969
5418,0.11128580972205755,-0.2516919917001583
5419,0.1829390252907706,-0.2586860676884739
5420,0.6665830037786392,-0.11580477132915176
5421,0.6905738834816028,0.032085456381553926
5422,0.667005660112195,-0.10611753026253133
5423,0.5557211895849566,-0.1709067359181335
5424,-0.229561334988242,-0.188381349431812
5425,-0.41030605213800286,-0.20526761230579088
5426,-0.3027498238807643,-0.2305885686227074
5427,-0.30669903262329656,-0.2584466798646842
5428,-0.13948278486171867,-0.26612412240314176
5429,-0.007593861742409327,-0.151187587789592
5430,0.04239887302385327,-0.2581679482843032
5431,0.05394128705245503,-0.2646292098079055
5432,0.050562826635280424,-0.26666760374562487
5433,0.04732649378145685,-0.2685674998467433
5434,0.03527205519751683,-0.269338208715422
5435,0.024307557837419048,-0.2675625026853472
5436,0.006046373068786042,-0.2661895807190579
5437,-0.005424289962928039,-0.2652604149425768
5438,-0.013767288209427917,-0.260664192850164
5439,-0.01960159064321335,-0.2561054951957953
5440,-0.024213316182049027,-0.2559174569836396
5441,-0.02989052267396787,-0.25239258610095033
5442,-0.030368922188357204,-0.2512815587704346
5443,-0.03144848576883383,-0.24933153785172088
5444,-0.03279188597979377,-0.24842102142824388
5445,-0.03382287343138608,-0.24801817031791887
5446,-0.03362156721717522,-0.24705379391095386
5447,-0.03414878261800823,-0.24656557367490603
5448,-0.03508946001642409,-0.24669977756235884
5449,-0.03533351393980315,-0.24673677009468895
5450,-0.03471162959807173,-0.24708774103831566
5451,-0.03432315766100572,-0.24708076520210828
5452,-0.0336643266938951,-0.24714783310230817
5453,-0.034010533708810166,-0.2478807457507356
5454,-0.03325303530513849,-0.24848740455441223
5455,-0.03338626128263903,-0.2498216779251242
5456,-0.033288870890059885,-0.25097141964393527
5457,-0.031545592820641344,-0.25258965803038347
5458,-0.03170374594371236,-0.25495926959596016
5459,-0.029303208328727317,-0.25842302929719946
5460,-0.02474432236987977,-0.2613703224044815
5461,-0.021318831065634248,-0.26574353534765577
5462,-0.018434606743367058,-0.2718727944812259
5463,-0.13635284676567172,-0.1681724429827458
5464,-0.12824046358859667,-0.1515191515065729
5465,-0.1175733927879819,-0.1456417918056066
5466,-0.11542851361473709,-0.14946384299411983
5467,-0.09303834136418604,-0.16789527187432718
5468,-0.37880259406087974,-0.21271594943796904
5469,-0.45602065382873963,-0.2696736405665393
5470,-0.4635534731346819,-0.32560883931227114
5471,-0.06302566984718698,-0.29109723423711126
5472,0.07308950104794293,-0.28051276106251827
5473,0.14999274462859635,-0.2916439821169248
5474,0.11602192211734816,-0.18502783471320305
5475,0.07118218257364627,-0.3065297639167048
5476,0.03131311794265579,-0.3039285188277428
5477,0.0027784682947580306,0.04513218862805436
5478,-0.02190409336456652,-0.14414243866343596
5479,-0.017938244729247883,-0.2603696908589728
5480,-0.025919443606693286,-0.25635278869836653
5481,-0.030595983825802923,-0.25541936234424995
5482,-0.034490569049747226,-0.24982454785035957
5483,-0.03705551764548362,-0.2451567390832999
5484,-0.03660161253156462,-0.2405259052861811
5485,-0.036202402053867,-0.23684449373144503
5486,-0.03564973474419719,-0.2354595817479084
5487,-0.034749245633960354,-0.2342884398036331
5488,-0.03424910510569687,-0.232715397684043
5489,-0.03368968961391679,-0.23167772802432798
5490,-0.03424056287612792,-0.2327160808149039
5491,-0.034693952477491345,-0.23433509532566052
5492,-0.035064637032208995,-0.2347339210472184
5493,-0.03529934748945954,-0.23626916106747298
5494,-0.03494854051220347,-0.23695531797396888
5495,-0.03486122509437569,-0.2375367972335345
5496,-0.034589464514401896,-0.2378534408091803
5497,-0.03460321675428983,-0.23802605807559704
5498,-0.033645226929047874,-0.23827132673373408
5499,-0.03333376345330353,-0.23872404374986117
5500,-0.032856435990821886,-0.23946928976375267
5501,-0.03213868052105966,-0.2400158210139273
5502,-0.031892917615686016,-0.24336708488099187
5503,-0.03271746089557885,-0.24583926998108144
5504,-0.03291249158438643,-0.24723794444705902
5505,-0.0331813519899107,-0.2508664867369654
5506,-0.03280599920165439,-0.25436361791411133
5507,-0.033639030690701115,-0.2572175115278306
5508,-0.03396884615384396,-0.25815794486899313
5509,-0.03569614826234096,-0.2582019503037551
5510,-0.0373809640913321,-0.25937150662511
5511,-0.037123873350029465,-0.2596836322319104
5512,-0.03601836794094559,-0.2597693584800847
5513,-0.036208692895411135,-0.2597064507395869
5514,-0.03773193157170085,-0.2594435892394617
5515,-0.03732527900656994,-0.25810325661113215
5516,-0.41427103570712925,-0.24314449053314582
5517,-0.1519204941144065,-0.2109129358078049
5518,-0.159194969817601,-0.1949659481178239
5519,-0.17063088584623287,-0.18782269238778093
5520,-0.18550764353553292,-0.18209577883924222
5521,-0.2046544762467442,-0.08460823672365841
5522,-0.7162439813780346,-0.15799321817556203
5523,-0.9894476479686342,-0.5096690569422994
5524,-0.6253447826294203,-0.45622978029471944
5525,-0.15106632914637588,-0.12488008167915822
5526,-0.14829570275006615,0.047358391350081824
5527,-0.14038021047121046,-0.23871383337399074
5528,-0.13902661932517466,-0.24579578186711284
5529,-0.14314464963973278,-0.24390157607872517
5530,-0.15046060362674266,-0.2398317843816474
5531,-0.03400366163611077,-0.21991007451648603
5532,-0.028550385615392387,-0.21768001547270827
5533,-0.02182917182807757,-0.2143734049529324
5534,-0.023369357445232136,-0.21314467116654956
5535,-0.022868397539294972,-0.2107144088376652
5536,-0.024279516577770655,-0.2088330566682763
5537,-0.02263470503680991,-0.2076972873611925
5538,-0.022728573086199313,-0.2072419000262046
5539,-0.023053074668008513,-0.2068202541503217
5540,-0.02341709159755308,-0.2055397917613333
5541,-0.022992449210087314,-0.20591338465472173
5542,-0.02428383416062167,-0.20670782672770632
5543,-0.026338428280331134,-0.20798799714430885
5544,-0.024171652501515685,-0.20901284197367512
5545,-0.024480901650731305,-0.21224938907560378
5546,-0.022435061452205664,-0.21566936863185876
5547,-0.021132493903853855,-0.21525980673097628
5548,-0.020203239921527186,-0.21857834941095922
5549,-0.021554520498260166,-0.21945642703439058
5550,-0.02126456452975665,-0.22245226112447541
5551,-0.021673346743719325,-0.22426800806124342
5552,-0.021621951916748944,-0.2262004924535693
5553,-0.021022545795193706,-0.22984935155849018
5554,-0.020077893513606775,-0.2316420167611559
5555,-0.016269729166749358,-0.23465534913286099
5556,-0.011210073027923451,-0.2377820621720669
5557,-0.009098032608793497,-0.2446715640894772
5558,-0.005844403638705129,-0.2523263835729885
5559,-0.003501146005488548,-0.25738453098336606
5560,0.004214269595215708,-0.2620976338266893
5561,0.006772413095700466,-0.2653156111457188
5562,0.009095062690934587,-0.2689075833997739
5563,0.010847114828740444,-0.2716723036626874
5564,0.010870690938295577,-0.27265149158045077
5565,0.013767697694665406,-0.2706350632035032
5566,0.012151519510284793,-0.2691397775207597
5567,0.012122476628335446,-0.26682176399682733
5568,-0.03148062685622686,-0.26117321554431294
5569,0.03392707957187221,-0.0896642134932319
5570,0.2522179966800056,-0.06559690828890552
5571,0.030872345052859473,-0.05785027436342074
5572,0.1669931343806018,-0.07467755140026985
5573,-0.09358247284846118,-0.204210621412047
5574,-0.1496851051378089,-0.21129012950145276
5575,-0.2083004394184729,-0.22614811349702496
5576,-0.2084026181972647,-0.2396881210961279
5577,-0.2045509502983558,-0.2518139577583964
5578,-0.705086339510937,-0.2787403965158836
5579,0.17071024083647615,-0.265344800771578
5580,0.12771570929296416,-0.2758652466377651
5581,-0.04002557527443335,-0.2398099689525684
5582,-0.11176375014945356,-0.17964103699154588
5583,-0.09921352359011897,-0.186554411801073
5584,-0.20621190728798294,-0.20973522443780704
5585,-0.20550679986639134,-0.2192505002258006
5586,-0.23279655684133008,-0.19243015846333997
5587,-0.4360109802777084,-0.13838418594103188
5588,-0.3694943654330339,-0.16272729065128558
5589,4.13217512053786,-0.2103859645097829
5590,4.201398642434019,-0.2240646887404617
5591,-0.35230669710616513,-0.22825016345888735
5592,-0.31500707118443455,-0.2154416636601108
5593,0.4905474113815193,-0.16937728156201975
5594,0.5061144718427674,-0.1550108295672055
5595,0.7205266316360065,-0.03253429182045594
5596,0.739268364538569,-0.08737761354106528
5597,0.7083243708869332,-0.13877666445420886
5598,0.5222140269626843,-0.14283051859582402
5599,-0.26998908213560296,-0.14597546609421833
5600,4.373969488989742,-0.16307481171172028
5601,5.085951685660976,-0.19271352920750318
5602,5.216131493791608,-0.22419177959323874
5603,-0.4142171975020061,-0.2577284239951226
5604,-0.3965381578564438,-0.28653668717177844
5605,0.02430558556640583,-0.24642064193586885
5606,0.03571745615969766,-0.254887851595247
5607,0.039066756683272225,-0.260999648619982
5608,0.033809017912922415,-0.26585885366374185
5609,0.019710406054831257,-0.2664918029881885
5610,0.006614767907942858,-0.2664999543647833
5611,-0.005307139064144661,-0.2656285844897056
5612,-0.013050993392691604,-0.2613631863836117
5613,-0.018240105411099813,-0.2562978101341673
5614,-0.0241356642767814,-0.255580999088057
5615,-0.02671699557834284,-0.25136938289295496
5616,-0.030523291165477202,-0.2491990949760988
5617,-0.03240621331694527,-0.24757584362884807
5618,-0.03363873058662868,-0.2464172271651656
5619,-0.03513769888108789,-0.24544126736533073
5620,-0.03487629854409046,-0.24531056989462796
5621,-0.034254732727348816,-0.24522855396018176
5622,-0.03440247299316794,-0.24555668916172824
5623,-0.033327985419986134,-0.24519516024885338
5624,-0.0339002105445732,-0.24506611491741093
5625,-0.034104275420941924,-0.24556535071479202
5626,-0.03337591355181497,-0.2462643907333417
5627,-0.03291894956998141,-0.24713749734838428
5628,-0.03249290671932937,-0.2468120256382113
5629,-0.03263651998347376,-0.2489033511442541
5630,-0.031965940504592526,-0.25038728595317633
5631,-0.03194500296335308,-0.2519297338561863
5632,-0.031490384044244396,-0.2549353071383966
5633,-0.030929458954736005,-0.25633863158520714
5634,-0.029072607874909357,-0.25971364394741736
5635,-0.026019682199763593,-0.26183039228202815
5636,-0.02036192989873332,-0.26656748409820635
5637,-0.018879891989595072,-0.2714964732352116
5638,-0.1588537247956202,-0.16670526174626046
5639,-0.1437488826988539,-0.16100982051945908
5640,-0.1438388847926223,-0.159879316031522
5641,-0.14777558322420384,-0.17523438524083657
5642,-0.3239073638746017,-0.2208073877752733
5643,-0.462774155541831,-0.277270773275949
5644,0.2936406512355355,-0.32018863603532727
5645,-0.5550481532157187,-0.29703388114683466
5646,-0.056398372751119,-0.28537584263355054
5647,0.125733738091641,-0.2925123646120153
5648,0.16070477041829037,-0.22501035201357195
5649,0.12056373561576175,-0.2923485625876895
5650,0.07230144459462556,-0.2647612180910467
5651,0.028065977956291278,0.06557938213960642
5652,0.014255801578835534,-0.1995555157008222
5653,-0.013563783213626737,-0.2656507952718588
5654,-0.021453491633850727,-0.2643799664255138
5655,-0.029583598003148522,-0.2564650351449771
5656,-0.033182903301925686,-0.2521385051629468
5657,-0.03671475585746196,-0.24659887952233892
5658,-0.03726340062887847,-0.2401479495217546
5659,-0.036749171039548605,-0.23699403566117036
5660,-0.03522580198257875,-0.23432158580539028
5661,-0.035110483750706994,-0.2345644803763725
5662,-0.03384408519764625,-0.23454676854909137
5663,-0.03366808855749152,-0.2348570469539447
5664,-0.03499848306566128,-0.23638476834397334
5665,-0.034573106849682435,-0.23766554515631627
5666,-0.034305214204134835,-0.23969752678613207
5667,-0.0337727421257715,-0.24063130304595273
5668,-0.033824651787439416,-0.24035885883210648
5669,-0.033866056092019675,-0.23942873167047143
5670,-0.03337012775233417,-0.23835938285550243
5671,-0.0325011825829468,-0.23744482522124333
5672,-0.032146340869046136,-0.23565777167022658
5673,-0.031389130076847876,-0.2349244105654613
5674,-0.030182022801591563,-0.23430147686360692
5675,-0.030848086352960696,-0.23731908680742528
5676,-0.03139771522727656,-0.2383399963197921
5677,-0.03184375955514303,-0.2427639933809812
5678,-0.032123104595651514,-0.24532440519216545
5679,-0.032490097458359055,-0.24893678810489592
5680,-0.0319811682976792,-0.25320789212315076
5681,-0.03343345676237258,-0.25637214571814315
5682,-0.033529467332640985,-0.25702626539503853
5683,-0.03249497157749438,-0.25898744922740163
5684,-0.03146866291526353,-0.2605956301799641
5685,-0.028650081828076886,-0.26302659256804894
5686,-0.025061457694109047,-0.2662443425617281
5687,-0.020337975512339696,-0.26857960050477675
5688,-0.018619477761657816,-0.27260222331435024
5689,-0.09539974547462218,-0.4341782806819246
5690,-0.09288070588009908,-0.47302275926902515
5691,-0.06763481391451527,-0.5203831354275759
5692,0.034534422152697475,-0.5778829175114109
5693,-0.1650198604623595,-0.47481269971536616
5694,-0.19612665133717874,-0.20721471871725128
5695,-0.2000825685721249,-0.22226721887783954
5696,-0.032959824445028325,-0.258628368703968
5697,-0.060714213010224,-0.30155258270429947
5698,-0.1289052574015983,0.09373170487362413
5699,-0.13629752129638148,-0.23421944957257643
5700,-0.13290803625103975,-0.2048526246989003
5701,-0.13145151162014201,-0.016937182724880203
5702,-0.12775234088194837,-0.2212572584042006
5703,-0.12706247293934791,-0.22070378748420005
5704,-0.13345862291547422,-0.2199620007218548
5705,-0.14414918313113048,-0.21955651608807628
5706,-0.032449488272666846,-0.21384891845648377
5707,-0.02495350624450059,-0.21183200794273455
5708,-0.022059493789436023,-0.20718791082692647
5709,-0.025800626072488182,-0.20532038628884544
5710,-0.026590851872962045,-0.20651606611684548
5711,-0.024891078210229556,-0.20567951739447868
5712,-0.021764981563424275,-0.20334141716606285
5713,-0.02207649852777701,-0.20666622533049972
5714,-0.021266277185635243,-0.20388075890218127
5715,-0.020469262082176292,-0.20414039364564732
5716,-0.02099215123536162,-0.20642856748306515
5717,-0.0203422981337754,-0.20672799177403176
5718,-0.0204359332657276,-0.2079832443791204
5719,-0.018406804087878603,-0.20992676204197036
5720,-0.018915937612223363,-0.21295707135001254
5721,-0.01969209865158588,-0.2140046967872679
5722,-0.021891659703751547,-0.21636684866250308
5723,-0.023100099295612034,-0.21828751575643823
5724,-0.023484950078145213,-0.2199654990241361
5725,-0.021440335267635377,-0.22291961024172924
5726,-0.02134149142469935,-0.22448073934789453
5727,-0.017353812808431887,-0.22539824436427924
5728,-0.014213822291074374,-0.22836767651230497
5729,-0.013331167638505817,-0.23280553494821082
5730,-0.010916541248421749,-0.2329782792215231
5731,-0.0018451899235450255,-0.23908991998692192
5732,-0.0006756931055706254,-0.24855669299071695
5733,-0.0016238698470362122,-0.2545599317438384
5734,0.002131433629754122,-0.2599799284590011
5735,0.0020882109699303306,-0.2634278705593397
5736,0.004555550152114534,-0.2659816554911345
5737,0.005480448885857242,-0.2666423847886984
5738,0.005541354965628868,-0.26763907853183405
5739,0.0052983688549553465,-0.2681518753360081
5740,0.012381036466974627,-0.2681367446652902
5741,0.01195125474596429,-0.2684199064583021
5742,-0.12225173906626287,-0.2620923808433689
5743,-0.04192664329624155,-0.2592795385297257
5744,0.02408708096967831,-0.06731853131554388
5745,0.1496554930415318,-0.04182738301229145
5746,-0.3132139108286556,-0.0386874688740066
5747,0.10069271645198591,-0.05788586973348243
5748,0.18063742004447217,-0.09309274455868327
5749,-0.10576683409816022,-0.2073297298919934
5750,-0.17328099070298753,-0.2135958597487955
5751,-0.20809746775787907,-0.22696290571990016
5752,-0.19439435399686947,-0.2825379170445831
5753,-0.19395768798221644,-0.2542469259167163
5754,-0.0982320415057204,-0.3049449675248542
5755,0.15710943141777273,-0.26164589989266557
5756,0.07214211832301286,-0.2898476733112314
5757,-0.06170561371688147,-0.30270875636654343
5758,-0.09945573893199422,-0.22372832717859023
5759,-0.08105213824291783,-0.16713221052282995
5760,-0.1730764133894449,-0.20923721660240327
5761,0.1697406706722164,-0.20368055400235524
5762,-0.38608042034145174,-0.1556650112626661
5763,-0.36853162394368094,-0.13721654297527938
5764,-0.3104038860467397,-0.1828755420883839
5765,-0.3306256393050499,-0.1990203066646658
5766,-0.34081485012465657,-0.19457884375389045
5767,0.45647865783087616,-0.15801170083992225
5768,0.4716354142040036,-0.14860045389516388
5769,0.6620491821047247,-0.12543293947817055
5770,0.720442924669721,-0.014218258358671312
5771,0.7522888063719797,-0.11182399937822675
5772,0.7125135444404819,-0.15737245845534975
5773,0.5932828834782383,-0.1649746694952359
5774,-0.3829231714472929,-0.17714252503883368
5775,-0.2836330585680757,-0.19531370392010766
5776,4.244829805639261,-0.21381372747558378
5777,-0.5220321380142037,-0.24370591336935712
5778,-0.1353802643827877,-0.2707577532437546
5779,0.026763481334583967,-0.25175084373843465
5780,0.04115578742288406,-0.2567011114455549
5781,0.04668016007399977,-0.2652431127218881
5782,0.04318985759617752,-0.2670802936085718
5783,0.033059406511633256,-0.26774292388719495
5784,0.015564921483104795,-0.26783305936797397
5785,-0.0013383395818350825,-0.2668765370333229
5786,-0.010303175533001667,-0.2636592237500439
5787,-0.01860053815101429,-0.25701892718484504
5788,-0.024911402108767824,-0.25560663758130053
5789,-0.02834310536199345,-0.25273165439829287
5790,-0.03097336111588727,-0.25071188513484827
5791,-0.03235201005893829,-0.24944614842693555
5792,-0.03366428208903362,-0.24816974660072516
5793,-0.035283781406163194,-0.24807232664710593
5794,-0.035592623553586625,-0.24912458147514524
5795,-0.03528600522041062,-0.24986593621089012
5796,-0.03515919392424728,-0.2502176790390635
5797,-0.034584709761166336,-0.2503947083629636
5798,-0.03404526251652407,-0.2507667720799798
5799,-0.034458869567486464,-0.25047709212956365
5800,-0.03339705400557847,-0.24970082288188797
5801,-0.033490591858108286,-0.24953905195630424
5802,-0.033132571740061394,-0.24932174862440826
5803,-0.032340658896880654,-0.25011093474221013
5804,-0.031252217350473385,-0.2509565991740985
5805,-0.031741623752467904,-0.252544101484406
5806,-0.028646209488471942,-0.2536084024455501
5807,-0.02756674392629761,-0.25499485027308416
5808,-0.024382764561770385,-0.25784598270786563
5809,-0.01933010344656289,-0.2608131087373927
5810,-0.016028850287135864,-0.2657278695037509
5811,-0.014133498855692015,-0.2702618390437081
5812,-0.15162275748246312,-0.19149071972941462
5813,-0.14540742705549548,-0.18463458010919193
5814,-0.1447044019993581,-0.18219034450847782
5815,-0.15136625864160416,-0.1856361642039149
5816,-0.07096253500317379,-0.2273180192848232
5817,-0.3927171519569706,-0.30569851993881214
5818,-0.3880170571024954,-0.315330092850902
5819,-0.45767015344383044,-0.3092857990860507
5820,-0.09108814182643715,-0.2915177794233879
5821,0.07208105196963632,-0.29629410417517726
5822,0.16115266138789408,-0.3219433003330026
5823,0.13629904521936823,-0.17969139046484636
5824,0.10134760686971797,-0.2772782307322082
5825,0.07313759670520346,-0.24293038258383864
5826,0.05819460174314884,-0.22913344528464347
5827,0.07291429247515743,-0.20183224634748095
5828,-0.028535186346941653,-0.25621698521888886
5829,-0.03280252486015851,-0.25302953224416724
5830,-0.03778176264061072,-0.2486628242442321
5831,-0.037934911090206955,-0.243222212875561
5832,-0.036816487680289806,-0.2391544632354142
5833,-0.03729205619364686,-0.2361673950442155
5834,-0.035146356881764027,-0.23362924429628662
5835,-0.03488595052459969,-0.23332384754642457
5836,-0.034424515894470466,-0.23302240102628727
5837,-0.03399598357064418,-0.23381846782654533
5838,-0.03418952301904798,-0.23508663577576283
5839,-0.03472629407367759,-0.2364522606132202
5840,-0.03458963627624969,-0.23682316606735282
5841,-0.033743454945297666,-0.23762518942495317
5842,-0.0335191157978908,-0.2383087294947063
5843,-0.0336124676169917,-0.23771115219872793
5844,-0.033656749923153415,-0.23711988833405043
5845,-0.033252197751082374,-0.238009663811777
5846,-0.0325862291959192,-0.2377158611593745
5847,-0.032258613540429075,-0.23810387303196742
5848,-0.03296830720337449,-0.23851432838129127
5849,-0.032706898875239004,-0.24121762541939498
5850,-0.033053457949108654,-0.24294406214327355
5851,-0.0333473026158534,-0.24571259727423944
5852,-0.033397673669264084,-0.24887978579749373
5853,-0.03377867793179025,-0.2527464317657769
5854,-0.034153403821927455,-0.25474972791568257
5855,-0.033607419834878326,-0.2564593571234814
5856,-0.033262639157555396,-0.2565501189327623
5857,-0.033130211823107006,-0.2578457063274993
5858,-0.033808690891636205,-0.25914727968162743
5859,-0.032891834781800744,-0.2610123503354273
5860,-0.031491852442528036,-0.2626490624389851
5861,-0.030210451346821408,-0.2640690214041615
5862,-0.029907178728616503,-0.2647921641755463
5863,-0.40224261207617434,-0.24220203217826997
5864,-0.5093006077274431,-0.239403219148319
5865,-0.5485791822345776,-0.20057162141017773
5866,-0.4943541348156105,-0.18325462072436383
5867,-0.3564029068901502,-0.18139791826610369
5868,-0.24780247540283531,-0.1817417507001145
5869,-0.33896268786295375,-0.1734873810363856
5870,-0.750082089075552,0.19751473005191625
5871,-0.9882303176760799,-0.4204479690502684
5872,-0.9703413638865616,-0.5134737673719437
5873,-0.7045772706697379,-0.45069732873474094
5874,-0.16956792627261208,-0.34780764341004466
5875,-0.16655283278843971,-0.2799484473089263
5876,-0.15971547824082938,-0.2566799806893692
5877,-0.16299657559321432,-0.2491531040856564
5878,-0.16262212524570094,-0.24263109152506393
5879,-0.16241952835803303,-0.23669049878863752
5880,-0.02775156163796781,-0.2176891174865311
5881,-0.023895036914049924,-0.2154717673980887
5882,-0.024330501087923877,-0.21159198177650948
5883,-0.025731490653042786,-0.21054439083766752
5884,-0.027020780894698254,-0.2094129511780369
5885,-0.02529589442038106,-0.20768826059465934
5886,-0.02356877709897514,-0.20684040451141214
5887,-0.021584903745110094,-0.20803682087027192
5888,-0.020055506784021303,-0.20928374853833318
5889,-0.021462122540250712,-0.2093445061092357
5890,-0.018887982178455144,-0.21204052938240736
5891,-0.02257245888348337,-0.2130755699508762
5892,-0.023994407925228226,-0.21464590155021954
5893,-0.02336317272859006,-0.21729019251560963
5894,-0.024012885338933126,-0.22124677692330139
5895,-0.025446200483633847,-0.22284810383910494
5896,-0.024549640914144837,-0.2237966632624261
5897,-0.024889189267800073,-0.22367141270967306
5898,-0.02274594604609776,-0.2245467949190874
5899,-0.020429132217551552,-0.2246024224678413
5900,-0.018726218839260737,-0.2251277142454513
5901,-0.013701764150017259,-0.22521290191593843
5902,-0.010498852127845312,-0.2270491712629362
5903,-0.0095567125440025,-0.22944556672048738
5904,-0.007225189637697216,-0.23519298184264856
5905,-0.0035682859664050754,-0.2416737135516013
5906,-0.004202600755829624,-0.24941357194623895
5907,-0.004649211897570265,-0.254956423460412
5908,-0.0023181752485324615,-0.2609356278691153
5909,9.097720317993222e-05,-0.2638458271703993
5910,0.0015252226514386583,-0.2662559453070798
5911,0.0020806653794959236,-0.26701500220290736
5912,0.005711823024944783,-0.2681167912841943
5913,0.0119263240870177,-0.2688843300307057
5914,0.013596230781619712,-0.26928441029595396
5915,0.013392321490323376,-0.26885166166247676
5916,-0.0802491729138988,-0.2623630220193141
5917,-0.03675352252234262,-0.2550202085676861
5918,-0.15018966808717601,0.0788979181373409
5919,-0.3199406009061573,0.1325518204416903
5920,0.09465833546715498,0.15580765773859614
5921,0.2751207531605126,0.13791488993697382
5922,0.4084841041999076,0.08604005251595763
5923,0.40932747842365025,0.014505281353332573
5924,-0.05857359842315876,-0.1793517815755227
5925,-0.14456191580070527,-0.19690631287110233
5926,-0.18445421349489358,-0.22037489364516671
5927,-0.19342908892873695,-0.27066068069974486
5928,-0.2016515374229545,-0.21226471224236734
5929,-0.2791621464379745,-0.32829683749996535
5930,0.1575670765574749,-0.26148812126589605
5931,0.1067939694786336,-0.30660419828405183
5932,-0.01814989685338488,-0.31952585559160146
5933,-0.07531200025603665,-0.28647340115842707
5934,-0.07834378346169456,-0.15625828800868186
5935,-0.11138489454012955,-0.1850477992222778
5936,-0.26220362532446195,-0.1881347065329131
5937,-0.3866783265271249,-0.1387696601973204
5938,3.9863162914247203,-0.1408517795488475
5939,4.301126986732334,-0.1548930436773047
5940,4.302887351447448,-0.15918757787521667
5941,-0.32354167599655437,-0.1390580754182798
5942,-0.24502443923402242,-0.13494322231464723
5943,0.4695471331973806,-0.16281299882430805
5944,0.6447129071420684,-0.1148295883637138
5945,0.7056971697494104,-0.13327952443824054
5946,0.7285295006768991,-0.09931570341996812
5947,0.6687819586698543,-0.1758091824197761
5948,-0.08136429494654196,-0.18427228326326828
5949,-0.40308410502190756,-0.19428014418164366
5950,4.788455343915698,-0.2071889200698618
5951,-0.45896793475995024,-0.22815510752694462
5952,-0.43192538832817406,-0.2519619808740502
5953,-0.1114666300244071,-0.2700634884404666
5954,0.03149633096297216,-0.254918173967674
5955,0.04127322903233838,-0.26233013904112895
5956,0.043742989091158695,-0.2677025681854812
5957,0.03998263875961182,-0.2720184072141027
5958,0.030814162243147546,-0.27462640208840516
5959,0.014396430346469261,-0.2747126481342364
5960,-0.0025738017370789705,-0.27258944727858153
5961,-0.009948395593073922,-0.26918691853149845
5962,-0.018511075487683163,-0.26701696128926494
5963,-0.024177856808829206,-0.264578796535682
5964,-0.027122218977144005,-0.258585951320633
5965,-0.029381168115865074,-0.25591939301205047
5966,-0.0324891231129049,-0.25507618530781623
5967,-0.033433728290444886,-0.2545117552556027
5968,-0.034593406886550396,-0.25365617106513794
5969,-0.034851976000546424,-0.25390089807960975
5970,-0.03476121229803187,-0.25464945569755965
5971,-0.03520370392468409,-0.25508963148893915
5972,-0.03452807052574383,-0.25501798409448173
5973,-0.03376279514436741,-0.25509852631668334
5974,-0.034251547176667334,-0.25553273524018016
5975,-0.03435781502179513,-0.25541438455593046
5976,-0.0342990868920939,-0.2552946848326554
5977,-0.035716638546957745,-0.25537114349458606
5978,-0.03475734454551069,-0.2554833380493499
5979,-0.03333730810908248,-0.2561461234441439
5980,-0.03312675416298579,-0.2573583421617313
5981,-0.032994166458411876,-0.2571435330118095
5982,-0.031217092186006535,-0.25910430063857465
5983,-0.030605928592099523,-0.2607687340685503
5984,-0.026349647801800404,-0.26314585283013925
5985,-0.0213677990259112,-0.26667981980634864
5986,-0.11288297430261506,-0.24484133568576455
5987,-0.1367144160002167,-0.24118670475408632
5988,-0.1451117172607967,-0.23361621939813304
5989,-0.14298924576107483,-0.21854165382024313
5990,-0.07415324492530241,-0.22637934968887904
5991,-0.1662794837068102,-0.30548281951470246
5992,-0.18382692554995034,-0.34873369586509634
5993,-0.20633821889422568,-0.31923508635813824
5994,-0.1927873111811259,-0.297621389564529
5995,-0.1021037778161621,-0.2588548465165183
5996,0.01853157960585886,-0.28031436434692686
5997,0.047285704523014484,-0.26094756605379554
5998,0.04214880862765201,-0.2530904609591802
5999,0.013186137466882164,-0.23453071379169507
6000,0.011907276386980522,-0.22076392904645942
6001,-0.007630695557844297,-0.23259808930574727
6002,-0.015748933785423316,-0.26652458854606187
6003,-0.025178411676727217,-0.26566000712879634
6004,-0.029244814597132344,-0.25866640335007784
6005,-0.03288645454540772,-0.25461684435467075
6006,-0.03480297281469041,-0.25162441640073385
6007,-0.036450918223364694,-0.24767644049222062
6008,-0.03624499773522508,-0.24497323528057466
6009,-0.036143986108633584,-0.2442589816428813
6010,-0.035621539959755574,-0.24399102239256076
6011,-0.03514692261503172,-0.24452757162476674
6012,-0.03438336218766068,-0.24520499442134974
6013,-0.03374049206558099,-0.24535322794065023
6014,-0.032820761192192384,-0.24598543854915114
6015,-0.032662375971918726,-0.24687464920565344
6016,-0.032615218017437275,-0.24672149430017076
6017,-0.03260792697055747,-0.24635350653585114
6018,-0.032557619095691596,-0.24573150052629045
6019,-0.03279988231360636,-0.245941164318911
6020,-0.03298197032001888,-0.2440803090563214
6021,-0.03311127212982453,-0.2433130853041087
6022,-0.03317580213883817,-0.24363213913318113
6023,-0.03354806879519196,-0.24489832089139765
6024,-0.03301119794109484,-0.24543795749800768
6025,-0.03308913812041866,-0.24801652944235358
6026,-0.03272034655840189,-0.25141006820646195
6027,-0.03360664867716533,-0.25334695739881996
6028,-0.03419071083362398,-0.2554655996294558
6029,-0.033728874379278,-0.25627572063695897
6030,-0.033010075384650846,-0.2571993406254999
6031,-0.03318384699166389,-0.25843343187528484
6032,-0.03322132715241012,-0.259634992382288
6033,-0.03266031293886285,-0.260876415496726
6034,-0.032666911477773466,-0.2616003148055893
6035,-0.03296889182405603,-0.2620895733188339
6036,-0.03418820542487097,-0.26155000594520667
6037,-0.03689238710339337,-0.2585584792922625
6038,-0.6451409337444445,-0.2265279114135766
6039,-0.6375007451913474,-0.19373085942225668
6040,-0.6006849581036128,-0.17818425752723902
6041,-0.5031326236663005,-0.181528257190965
6042,-0.3770064876856802,-0.18078369406992148
6043,-0.4970573665650006,-0.17664202516102676
6044,-0.7689910673407062,-0.24192650347657266
6045,-0.8521832692354444,-0.3647950736559848
6046,-0.767295606804698,-0.5072649456311901
6047,-0.6162706376478372,-0.44431792619195626
6048,-0.17378760040595673,-0.24001483604443763
6049,-0.17313780544498159,-0.23242945936148116
6050,-0.1677301280140374,-0.07211822604983567
6051,-0.16377261335592017,-0.24115643092991904
6052,-0.16147545507244665,-0.24277234891340166
6053,-0.1655616202317544,-0.23813885803111493
6054,-0.02727261261255963,-0.21861727184462848
6055,-0.02589711460195897,-0.2170724509258027
6056,-0.027097331199375997,-0.21602102997685702
6057,-0.027989834523151735,-0.21572483105430776
6058,-0.024857258269683897,-0.21527956589621602
6059,-0.021323274919890556,-0.21445512447980383
6060,-0.020828143991180884,-0.21348364920511642
6061,-0.02001220405690276,-0.21081098944848886
6062,-0.019032024516409975,-0.21165004330975257
6063,-0.020671284483997795,-0.21178006232596064
6064,-0.019813809492947705,-0.21276578653277733
6065,-0.022199070582925338,-0.21293069487299504
6066,-0.022381256364944643,-0.21305574264168853
6067,-0.022310058773689856,-0.21596257707972186
6068,-0.022502006137599093,-0.21668815675380157
6069,-0.022051624335845746,-0.21861798415625536
6070,-0.022745174734978963,-0.22123540555279925
6071,-0.022468468054480203,-0.22217459246362045
6072,-0.020942826830214676,-0.22472692230031938
6073,-0.01917796104658204,-0.22508475386847224
6074,-0.01656845493588894,-0.22774482056375994
6075,-0.014175106581383585,-0.22904115079794832
6076,-0.012714206084800872,-0.23124350183627534
6077,-0.010755444710092326,-0.23375306272263255
6078,-0.004662346485199853,-0.2391734007331424
6079,-0.0037179965634078467,-0.2469811110417644
6080,-0.006072033699878492,-0.25266240893069186
6081,-0.0009338061896321827,-0.2572183645407325
6082,-0.000510322762167735,-0.26308913279053264
6083,0.00023008771470401566,-0.2651250697592577
6084,0.002864695039303831,-0.2666983538419444
6085,0.0029636353109388234,-0.26786672646954823
6086,0.00372722693231941,-0.26866940243230564
6087,0.010883094288135857,-0.2692752504572735
6088,0.011420704801663737,-0.2686795926030104
6089,0.009919248918719415,-0.26786422757604444
6090,-0.12182494276511088,-0.2639026860875919
6091,-0.08106534982908423,-0.26039390986640176
6092,-0.1086378709200282,0.0490546935822102
6093,-0.266731559592085,0.14589051338431733
6094,-0.22535527032847635,0.223774927030121
6095,0.2012666025602136,0.2629249304486134
6096,0.335337051847901,0.25184929312413673
6097,0.4773142691742404,0.19092245509701777
6098,0.49965463152877765,0.09882794714611555
6099,-0.004519086822163623,-0.15421854710205926
6100,-0.0824699929866403,-0.1797018249443871
6101,-0.16523972052307268,-0.2059177324302064
6102,-0.2029653319164944,-0.2560358921042649
6103,-0.19451168879414554,-0.23173483530211547
6104,-0.1783667083986421,-0.3373094239714342
6105,0.09680853169682914,-0.251385558437474
6106,0.14315215954264515,-0.3011268415172041
6107,0.0949608076332581,-0.3225312469937339
6108,-0.010620451805662599,-0.3238651202823067
6109,-0.06779785657218984,-0.2811230326504758
6110,-0.06966500366260651,-0.16593552821602658
6111,0.2457851101948217,-0.17328735960072972
6112,-0.38296438848613934,-0.16599634867502827
6113,3.6853135166117994,-0.13565861460370404
6114,4.151233533016985,-0.13483514610753394
6115,-0.24027611637552976,-0.13003044180829623
6116,-0.28881976583119867,-0.13578958181698514
6117,0.4287538677514642,-0.16057219144879803
6118,0.4446984327536473,-0.1569470489954334
6119,0.648034329246822,-0.13036128417309648
6120,0.7338572033940877,0.00044877238904230006
6121,0.7913179551298413,-0.15858770252365903
6122,0.7431282300015705,-0.15829669270565358
6123,-0.20171875270301612,-0.1580093408671007
6124,-0.21362644226435804,-0.1684526124419972
6125,5.02382827545525,-0.18921276941546558
6126,4.48182413936552,-0.21828502104897538
6127,-0.4349990283689149,-0.24245471208597136
6128,-0.13587529228770123,-0.26364402183676
6129,0.029238194222534694,-0.25551915739444037
6130,0.04118071835028561,-0.26436009416134093
6131,0.039057426557807105,-0.26768175538926176
6132,0.02984365399792265,-0.26991699235160516
6133,0.014811003807126747,-0.2694336587195054
6134,-0.0031238247161493203,-0.268355256255864
6135,-0.01363841658449854,-0.2664033377892155
6136,-0.021967948203713263,-0.2597909075170775
6137,-0.02626184874123383,-0.2557099258915743
6138,-0.032189400054039335,-0.2521884276447252
6139,-0.034434270379163474,-0.24916064219462553
6140,-0.033698767810160526,-0.2467676008531281
6141,-0.03420491948165259,-0.2451894585376369
6142,-0.03412781338879011,-0.24504755781670523
6143,-0.03395578478169709,-0.24623514906616403
6144,-0.03362476582677649,-0.24654965846787547
6145,-0.03334978361086511,-0.2485951883449966
6146,-0.03321283081435244,-0.24923223706527237
6147,-0.03294740011427126,-0.24992239576629677
6148,-0.03274740078565919,-0.2500404258053068
6149,-0.032540697516532435,-0.2507154418234321
6150,-0.032976445212215794,-0.251285244689655
6151,-0.031956104373479795,-0.2519819769350629
6152,-0.03042917973940094,-0.2522232312833576
6153,-0.028545164197377158,-0.25366571384268033
6154,-0.025926760264789593,-0.2548753786616933
6155,-0.023852112704368742,-0.2563223964894077
6156,-0.01990941820653054,-0.2587137839772116
6157,-0.014502150592066193,-0.2608612298990972
6158,-0.008768498532152924,-0.26536534361732905
6159,-0.007210143828680858,-0.26902470264766126
6160,-0.006488812900544824,-0.27340859548718305
6161,-0.12103268416805275,-0.22028212734240177
6162,-0.12280892983412837,-0.2214940001576599
6163,-0.12748830305380351,-0.20315038596618973
6164,-0.1282102970503173,-0.19776735756845426
6165,-0.3629526469161688,-0.24553606549568557
6166,-0.3486181980480447,-0.0767154177696243
6167,-0.4074253799177013,-0.1947584324530373
6168,-0.5271007683445375,-0.19950869931412346
6169,-0.49863848766888225,-0.21235484563934573
6170,0.11756742102952314,-0.2114620344471482
6171,0.11457595988526062,-0.20684374004659858
6172,0.08755460768831248,-0.2014778869485173
6173,0.05911200909317672,-0.22348197999239092
6174,0.04365250371722206,-0.24713773417941565
6175,-0.012819984289716006,-0.2653235940358237
6176,-0.018459657915054706,-0.2653694679879526
6177,-0.028630031359985274,-0.2598457349846413
6178,-0.03270428320344464,-0.2553831582424469
6179,-0.037127389142017526,-0.2512772541833514
6180,-0.03680461038126487,-0.24684148698473726
6181,-0.03744804665819799,-0.24224378556569928
6182,-0.03537804423268507,-0.23881183571761347
6183,-0.03377899402900049,-0.23664904090110883
6184,-0.03308394139697899,-0.23549749539911657
6185,-0.03382665026117361,-0.23573679496139552
6186,-0.03200781611881992,-0.23670722338594585
6187,-0.03342442977170677,-0.2380273255163754
6188,-0.033683617412661265,-0.2398344570179781
6189,-0.03339645358120917,-0.2405837068168292
6190,-0.033209053451685885,-0.24075214793920907
6191,-0.03335346819137193,-0.24128845039547775
6192,-0.03250465549846039,-0.24104799106347538
6193,-0.03301352611995053,-0.24094571561613093
6194,-0.03277137270533231,-0.24061759661546997
6195,-0.03323542076849018,-0.24035501205940138
6196,-0.03217855439547604,-0.2414465395989587
6197,-0.031003805449524434,-0.2420383287228533
6198,-0.030782704065357557,-0.24295654750901888
6199,-0.031308601828123846,-0.24411563334749997
6200,-0.03020175275621988,-0.24704590746522423
6201,-0.030347484536423757,-0.25116437725457885
6202,-0.029736968888809067,-0.2532057726950134
6203,-0.03014057693413913,-0.2553556307401024
6204,-0.029969303186486728,-0.25710992623737955
6205,-0.02952189773002641,-0.2587777992511233
6206,-0.028560699952015548,-0.26102855024913574
6207,-0.028046806483268714,-0.2630499467883363
6208,-0.026739838044964423,-0.26485366311223096
6209,-0.026187663527261328,-0.26605485513369986
6210,-0.027203851132224253,-0.26586876231417933
6211,-0.029819005610873202,-0.26487776244778
6212,-0.5285942974600769,-0.25162066618571144
6213,-0.5982540890997017,-0.22106460077717982
6214,-0.5805000485281286,-0.19545429416568402
6215,-0.47661753027452824,-0.18607534156589745
6216,-0.2705067398729881,-0.16711968057096374
6217,-0.22948562530344313,-0.16528785642154478
6218,-0.8151080580280862,-0.2372057435055227
6219,-0.9469844817809978,-0.5812151312932874
6220,-0.7438224053953214,-0.4877921415926455
6221,-0.17468944727716645,-0.23127044976272262
6222,-0.1810590920887011,-0.22633449296815678
6223,-0.16810762649250363,-0.216860387407248
6224,-0.16417014701841307,-0.21304808321981053
6225,-0.15703908408429265,-0.2130807887334019
6226,-0.1576312084468773,-0.193196479886232
6227,-0.163287509069519,-0.24218434760054033
6228,-0.028665215676571387,-0.22111719032949187
6229,-0.026316016821954325,-0.21958538620083526
6230,-0.02878297878952292,-0.21840958961411439
6231,-0.025155640128249838,-0.21803144347117528
6232,-0.02465295038851643,-0.21611468905220985
6233,-0.023229844966075584,-0.2130505548593489
6234,-0.021380060340808582,-0.21121654552527594
6235,-0.01939103918007149,-0.208405580676313
6236,-0.016869780613136036,-0.20770326967131147
6237,-0.017172167893697222,-0.20925375211284453
6238,-0.015856715768568203,-0.20859179165692415
6239,-0.01822954477085702,-0.21078144329299395
6240,-0.020277642124083985,-0.2120931223229261
6241,-0.02266298893851662,-0.21425511271300737
6242,-0.02234349593609671,-0.216882306252097
6243,-0.02318758520806652,-0.22084689374813385
6244,-0.020728707535904462,-0.22479062774104436
6245,-0.0199330476775605,-0.22654426163214195
6246,-0.019274645452992976,-0.22986961526549257
6247,-0.017372576499448393,-0.2306000576699849
6248,-0.015141940879253685,-0.23156080725206446
6249,-0.014867456778558287,-0.2321671886547125
6250,-0.012113878303319335,-0.23342292034643267
6251,-0.009020264962651845,-0.2379245535289095
6252,-0.005358883473483371,-0.24080526976470362
6253,-0.004254945453761643,-0.2473166261353684
6254,-0.002842643466866454,-0.2535528344546466
6255,-7.530997603673019e-05,-0.25963363911008736
6256,0.0019589025910672483,-0.26260473826579817
6257,0.001605230598298135,-0.26549708741666905
6258,0.004471416417798254,-0.2666711163093652
6259,0.0032510177457537757,-0.2676633735270446
6260,0.006127670038104334,-0.26927575792528347
6261,0.011494122223824023,-0.2695360685558228
6262,0.00954684997107099,-0.2691083149209589
6263,0.010948376591912367,-0.2679966464475411
