eps_bg,d,temperature
14.372785705759803,0.0001578,4.0
14.290923623465037,0.0001578,30.0
14.303011362951104,0.0001578,100.0
15.221378475035674,0.0001578,300.0
