eps_bg,d,temperature
14.422861761732047,0.0001578,4.0
14.313030751174885,0.0001578,30.0
14.312019145555261,0.0001578,100.0
15.22476776159619,0.0001578,300.0
